key,forms,path
subanta:rAma:pum:1:1,rAmaH,1.2.45 4.1.2 1.3.2 1.3.9 1.1.73 1.1.43 1.1.73 1.1.43 1.4.13 1.4.14 8.2.66 1.3.2 8.3.15 8.4.68
subanta:rAma:pum:1:2,rAmO,1.2.45 4.1.2 1.1.73 1.1.43 1.1.73 1.1.43 1.4.13 1.4.14 6.1.104 6.1.88
subanta:rAma:pum:1:3,rAmAH,1.2.45 4.1.2 1.3.4 1.3.7 1.3.9 1.1.73 1.1.43 1.1.73 1.1.43 1.4.13 1.4.14 6.1.102 6.1.101 8.2.66 1.3.2 8.3.15
subanta:rAma:pum:2:1,rAmam,1.2.45 4.1.2 1.3.4 1.1.73 1.1.43 1.1.73 1.1.43 1.4.13 1.4.14 6.1.107 8.4.68
subanta:rAma:pum:2:2,rAmO,1.2.45 4.1.2 1.3.3 1.3.9 1.1.73 1.1.43 1.1.73 1.1.43 1.4.13 1.4.14 6.1.104 6.1.88
subanta:rAma:pum:2:3,rAmAn,1.2.45 4.1.2 1.3.4 1.3.8 1.3.9 1.1.73 1.1.73 1.4.13 1.4.18 1.4.14 6.1.102 6.1.103 6.1.101 8.4.37
subanta:rAma:pum:3:1,rAmeRa,1.2.45 4.1.2 1.3.7 1.3.9 1.1.73 1.1.73 1.4.13 7.1.12 1.4.18 1.4.14 6.1.87 8.4.2 8.4.68
subanta:rAma:pum:3:2,rAmAByAm,1.2.45 4.1.2 1.3.4 1.1.73 1.1.73 1.4.13 1.4.17 1.4.14 7.3.102
subanta:rAma:pum:3:3,rAmEH,1.2.45 4.1.2 1.3.4 1.1.73 1.1.73 1.4.13 7.1.9 1.4.18 1.4.14 6.1.88 8.2.66 1.3.2 8.3.15
subanta:rAma:pum:4:1,rAmAya,1.2.45 4.1.2 1.3.8 1.3.9 1.1.73 1.1.73 1.4.13 7.1.13 1.4.18 1.4.14 7.3.102 8.4.68
subanta:rAma:pum:4:2,rAmAByAm,1.2.45 4.1.2 1.3.4 1.1.73 1.1.73 1.4.13 1.4.17 1.4.14 7.3.102
subanta:rAma:pum:4:3,rAmeByaH,1.2.45 4.1.2 1.3.4 1.1.73 1.1.73 1.4.13 1.4.17 1.4.14 7.3.103 8.2.66 1.3.2 8.3.15 8.4.68
subanta:rAma:pum:5:1,rAmAd|rAmAt,1.2.45 4.1.2 1.3.2 1.3.8 1.3.9 1.1.73 1.1.73 1.4.13 7.1.12 1.4.18 1.4.14 6.1.101 8.2.39 8.4.56
subanta:rAma:pum:5:2,rAmAByAm,1.2.45 4.1.2 1.3.4 1.1.73 1.1.73 1.4.13 1.4.17 1.4.14 7.3.102
subanta:rAma:pum:5:3,rAmeByaH,1.2.45 4.1.2 1.3.4 1.1.73 1.1.73 1.4.13 1.4.17 1.4.14 7.3.103 8.2.66 1.3.2 8.3.15 8.4.68
subanta:rAma:pum:6:1,rAmasya,1.2.45 4.1.2 1.3.4 1.3.8 1.3.9 1.1.73 1.1.73 1.4.13 7.1.12 1.4.17 1.4.14 8.4.68
subanta:rAma:pum:6:2,rAmayoH,1.2.45 4.1.2 1.3.4 1.1.73 1.1.73 1.4.13 1.4.18 1.4.14 7.3.104 6.1.78 8.2.66 1.3.2 8.3.15 8.4.68
subanta:rAma:pum:6:3,rAmARAm,1.2.45 4.1.2 1.3.4 1.1.73 1.1.73 7.1.54 1.3.2 1.3.3 1.3.9 1.4.13 1.4.17 1.4.14 6.4.3 8.4.2
subanta:rAma:pum:7:1,rAme,1.2.45 4.1.2 1.3.8 1.3.9 1.1.73 1.1.73 1.4.13 1.4.18 1.4.14 6.1.87
subanta:rAma:pum:7:2,rAmayoH,1.2.45 4.1.2 1.3.4 1.1.73 1.1.73 1.4.13 1.4.18 1.4.14 7.3.104 6.1.78 8.2.66 1.3.2 8.3.15 8.4.68
subanta:rAma:pum:7:3,rAmezu,1.2.45 4.1.2 1.3.3 1.3.9 1.1.73 1.1.73 1.4.13 1.4.17 1.4.14 7.3.103 8.3.59
subanta:rAma:pum:8:1,rAma,1.2.45 4.1.2 1.3.2 1.3.9 1.1.73 2.3.48 2.3.49 1.1.43 1.1.73 2.3.48 2.3.49 1.1.43 1.4.13 1.4.14 6.1.69 8.4.68
subanta:rAma:pum:8:2,rAmO,1.2.45 4.1.2 1.1.73 2.3.48 1.1.43 1.1.73 2.3.48 1.1.43 1.4.13 1.4.14 6.1.104 6.1.88
subanta:rAma:pum:8:3,rAmAH,1.2.45 4.1.2 1.3.4 1.3.7 1.3.9 1.1.73 2.3.48 1.1.43 1.1.73 2.3.48 1.1.43 1.4.13 1.4.14 6.1.102 6.1.101 8.2.66 1.3.2 8.3.15
subanta:hari:pum:1:1,hariH,1.2.45 4.1.2 1.3.2 1.3.9 1.4.7 1.1.43 1.4.7 1.1.43 1.4.13 1.4.14 8.2.66 1.3.2 8.3.15 8.4.68
subanta:hari:pum:1:2,harI,1.2.45 4.1.2 1.4.7 1.1.43 1.4.7 1.1.43 1.4.13 1.4.14 6.1.102 6.1.101 8.4.68
subanta:hari:pum:1:3,harayaH,1.2.45 4.1.2 1.3.4 1.3.7 1.3.9 1.4.7 1.1.43 1.4.7 1.1.43 1.4.13 1.4.14 7.3.109 6.1.78 8.2.66 1.3.2 8.3.15 8.4.68
subanta:hari:pum:2:1,harim,1.2.45 4.1.2 1.3.4 1.4.7 1.1.43 1.4.7 1.1.43 1.4.13 1.4.14 6.1.107 8.4.68
subanta:hari:pum:2:2,harI,1.2.45 4.1.2 1.3.3 1.3.9 1.4.7 1.1.43 1.4.7 1.1.43 1.4.13 1.4.14 6.1.102 6.1.101 8.4.68
subanta:hari:pum:2:3,harIn,1.2.45 4.1.2 1.3.4 1.3.8 1.3.9 1.4.7 1.4.7 1.4.13 1.4.18 1.4.14 6.1.102 6.1.103 6.1.101 8.4.37 8.4.68
subanta:hari:pum:3:1,hariRA,1.2.45 4.1.2 1.3.7 1.3.9 1.4.7 1.4.7 1.4.13 7.3.120 1.4.17 1.4.14 8.4.2 8.4.68
subanta:hari:pum:3:2,hariByAm,1.2.45 4.1.2 1.3.4 1.4.7 1.4.7 1.4.13 1.4.17 1.4.14 8.4.68
subanta:hari:pum:3:3,hariBiH,1.2.45 4.1.2 1.3.4 1.4.7 1.4.7 1.4.13 1.4.17 1.4.14 8.2.66 1.3.2 8.3.15 8.4.68
subanta:hari:pum:4:1,haraye,1.2.45 4.1.2 1.3.8 1.3.9 1.4.7 1.4.7 1.4.13 1.4.18 1.4.14 7.3.111 6.1.78 8.4.68
subanta:hari:pum:4:2,hariByAm,1.2.45 4.1.2 1.3.4 1.4.7 1.4.7 1.4.13 1.4.17 1.4.14 8.4.68
subanta:hari:pum:4:3,hariByaH,1.2.45 4.1.2 1.3.4 1.4.7 1.4.7 1.4.13 1.4.17 1.4.14 8.2.66 1.3.2 8.3.15 8.4.68
subanta:hari:pum:5:1,hareH,1.2.45 4.1.2 1.3.2 1.3.8 1.3.9 1.4.7 1.4.7 1.4.13 1.4.18 1.4.14 7.3.111 6.1.110 8.2.66 1.3.2 8.3.15 8.4.68
subanta:hari:pum:5:2,hariByAm,1.2.45 4.1.2 1.3.4 1.4.7 1.4.7 1.4.13 1.4.17 1.4.14 8.4.68
subanta:hari:pum:5:3,hariByaH,1.2.45 4.1.2 1.3.4 1.4.7 1.4.7 1.4.13 1.4.17 1.4.14 8.2.66 1.3.2 8.3.15 8.4.68
subanta:hari:pum:6:1,hareH,1.2.45 4.1.2 1.3.4 1.3.8 1.3.9 1.4.7 1.4.7 1.4.13 1.4.18 1.4.14 7.3.111 6.1.110 8.2.66 1.3.2 8.3.15 8.4.68
subanta:hari:pum:6:2,haryoH,1.2.45 4.1.2 1.3.4 1.4.7 1.4.7 1.4.13 1.4.18 1.4.14 6.1.77 8.2.66 1.3.2 8.3.15 8.4.68
subanta:hari:pum:6:3,harIRAm,1.2.45 4.1.2 1.3.4 1.4.7 1.4.7 7.1.54 1.3.2 1.3.3 1.3.9 1.4.13 1.4.17 1.4.14 6.4.3 8.4.2 8.4.68
subanta:hari:pum:7:1,harO,1.2.45 4.1.2 1.3.8 1.3.9 1.4.7 1.4.7 1.4.13 1.4.18 1.4.14 7.3.119 6.1.88 8.4.68
subanta:hari:pum:7:2,haryoH,1.2.45 4.1.2 1.3.4 1.4.7 1.4.7 1.4.13 1.4.18 1.4.14 6.1.77 8.2.66 1.3.2 8.3.15 8.4.68
subanta:hari:pum:7:3,harizu,1.2.45 4.1.2 1.3.3 1.3.9 1.4.7 1.4.7 1.4.13 1.4.17 1.4.14 8.3.59 8.4.68
subanta:hari:pum:8:1,hare,1.2.45 4.1.2 1.3.2 1.3.9 1.4.7 2.3.48 2.3.49 1.1.43 1.4.7 2.3.48 2.3.49 1.1.43 1.4.13 1.4.14 7.3.108 6.1.69 8.4.68
subanta:hari:pum:8:2,harI,1.2.45 4.1.2 1.4.7 2.3.48 1.1.43 1.4.7 2.3.48 1.1.43 1.4.13 1.4.14 6.1.102 6.1.101 8.4.68
subanta:hari:pum:8:3,harayaH,1.2.45 4.1.2 1.3.4 1.3.7 1.3.9 1.4.7 2.3.48 1.1.43 1.4.7 2.3.48 1.1.43 1.4.13 1.4.14 7.3.109 6.1.78 8.2.66 1.3.2 8.3.15 8.4.68
subanta:SamBu:pum:1:1,SamBuH,1.2.45 4.1.2 1.3.2 1.3.9 1.4.7 1.1.43 1.4.7 1.1.43 1.4.13 1.4.14 8.2.66 1.3.2 8.3.15 8.3.24 8.4.58 8.4.68
subanta:SamBu:pum:1:2,SamBU,1.2.45 4.1.2 1.4.7 1.1.43 1.4.7 1.1.43 1.4.13 1.4.14 6.1.102 6.1.101 8.3.24 8.4.58 8.4.68
subanta:SamBu:pum:1:3,SamBavaH,1.2.45 4.1.2 1.3.4 1.3.7 1.3.9 1.4.7 1.1.43 1.4.7 1.1.43 1.4.13 1.4.14 7.3.109 6.1.78 8.2.66 1.3.2 8.3.15 8.3.24 8.4.58 8.4.68
subanta:SamBu:pum:2:1,SamBum,1.2.45 4.1.2 1.3.4 1.4.7 1.1.43 1.4.7 1.1.43 1.4.13 1.4.14 6.1.107 8.3.24 8.4.58 8.4.68
subanta:SamBu:pum:2:2,SamBU,1.2.45 4.1.2 1.3.3 1.3.9 1.4.7 1.1.43 1.4.7 1.1.43 1.4.13 1.4.14 6.1.102 6.1.101 8.3.24 8.4.58 8.4.68
subanta:SamBu:pum:2:3,SamBUn,1.2.45 4.1.2 1.3.4 1.3.8 1.3.9 1.4.7 1.4.7 1.4.13 1.4.18 1.4.14 6.1.102 6.1.103 6.1.101 8.3.24 8.4.58 8.4.68
subanta:SamBu:pum:3:1,SamBunA,1.2.45 4.1.2 1.3.7 1.3.9 1.4.7 1.4.7 1.4.13 7.3.120 1.4.17 1.4.14 8.3.24 8.4.58 8.4.68
subanta:SamBu:pum:3:2,SamBuByAm,1.2.45 4.1.2 1.3.4 1.4.7 1.4.7 1.4.13 1.4.17 1.4.14 8.3.24 8.4.58 8.4.68
subanta:SamBu:pum:3:3,SamBuBiH,1.2.45 4.1.2 1.3.4 1.4.7 1.4.7 1.4.13 1.4.17 1.4.14 8.2.66 1.3.2 8.3.15 8.3.24 8.4.58 8.4.68
subanta:SamBu:pum:4:1,SamBave,1.2.45 4.1.2 1.3.8 1.3.9 1.4.7 1.4.7 1.4.13 1.4.18 1.4.14 7.3.111 6.1.78 8.3.24 8.4.58 8.4.68
subanta:SamBu:pum:4:2,SamBuByAm,1.2.45 4.1.2 1.3.4 1.4.7 1.4.7 1.4.13 1.4.17 1.4.14 8.3.24 8.4.58 8.4.68
subanta:SamBu:pum:4:3,SamBuByaH,1.2.45 4.1.2 1.3.4 1.4.7 1.4.7 1.4.13 1.4.17 1.4.14 8.2.66 1.3.2 8.3.15 8.3.24 8.4.58 8.4.68
subanta:SamBu:pum:5:1,SamBoH,1.2.45 4.1.2 1.3.2 1.3.8 1.3.9 1.4.7 1.4.7 1.4.13 1.4.18 1.4.14 7.3.111 6.1.110 8.2.66 1.3.2 8.3.15 8.3.24 8.4.58 8.4.68
subanta:SamBu:pum:5:2,SamBuByAm,1.2.45 4.1.2 1.3.4 1.4.7 1.4.7 1.4.13 1.4.17 1.4.14 8.3.24 8.4.58 8.4.68
subanta:SamBu:pum:5:3,SamBuByaH,1.2.45 4.1.2 1.3.4 1.4.7 1.4.7 1.4.13 1.4.17 1.4.14 8.2.66 1.3.2 8.3.15 8.3.24 8.4.58 8.4.68
subanta:SamBu:pum:6:1,SamBoH,1.2.45 4.1.2 1.3.4 1.3.8 1.3.9 1.4.7 1.4.7 1.4.13 1.4.18 1.4.14 7.3.111 6.1.110 8.2.66 1.3.2 8.3.15 8.3.24 8.4.58 8.4.68
subanta:SamBu:pum:6:2,SamBvoH,1.2.45 4.1.2 1.3.4 1.4.7 1.4.7 1.4.13 1.4.18 1.4.14 6.1.77 8.2.66 1.3.2 8.3.15 8.3.24 8.4.58 8.4.68
subanta:SamBu:pum:6:3,SamBUnAm,1.2.45 4.1.2 1.3.4 1.4.7 1.4.7 7.1.54 1.3.2 1.3.3 1.3.9 1.4.13 1.4.17 1.4.14 6.4.3 8.3.24 8.4.58 8.4.68
subanta:SamBu:pum:7:1,SamBO,1.2.45 4.1.2 1.3.8 1.3.9 1.4.7 1.4.7 1.4.13 1.4.18 1.4.14 7.3.119 6.1.88 8.3.24 8.4.58 8.4.68
subanta:SamBu:pum:7:2,SamBvoH,1.2.45 4.1.2 1.3.4 1.4.7 1.4.7 1.4.13 1.4.18 1.4.14 6.1.77 8.2.66 1.3.2 8.3.15 8.3.24 8.4.58 8.4.68
subanta:SamBu:pum:7:3,SamBuzu,1.2.45 4.1.2 1.3.3 1.3.9 1.4.7 1.4.7 1.4.13 1.4.17 1.4.14 8.3.24 8.3.59 8.4.58 8.4.68
subanta:SamBu:pum:8:1,SamBo,1.2.45 4.1.2 1.3.2 1.3.9 1.4.7 2.3.48 2.3.49 1.1.43 1.4.7 2.3.48 2.3.49 1.1.43 1.4.13 1.4.14 7.3.108 6.1.69 8.3.24 8.4.58 8.4.68
subanta:SamBu:pum:8:2,SamBU,1.2.45 4.1.2 1.4.7 2.3.48 1.1.43 1.4.7 2.3.48 1.1.43 1.4.13 1.4.14 6.1.102 6.1.101 8.3.24 8.4.58 8.4.68
subanta:SamBu:pum:8:3,SamBavaH,1.2.45 4.1.2 1.3.4 1.3.7 1.3.9 1.4.7 2.3.48 1.1.43 1.4.7 2.3.48 1.1.43 1.4.13 1.4.14 7.3.109 6.1.78 8.2.66 1.3.2 8.3.15 8.3.24 8.4.58 8.4.68
subanta:guru:pum:1:1,guruH,1.2.45 4.1.2 1.3.2 1.3.9 1.4.7 1.1.43 1.4.7 1.1.43 1.4.13 1.4.14 8.2.66 1.3.2 8.3.15
subanta:guru:pum:1:2,gurU,1.2.45 4.1.2 1.4.7 1.1.43 1.4.7 1.1.43 1.4.13 1.4.14 6.1.102 6.1.101
subanta:guru:pum:1:3,guravaH,1.2.45 4.1.2 1.3.4 1.3.7 1.3.9 1.4.7 1.1.43 1.4.7 1.1.43 1.4.13 1.4.14 7.3.109 6.1.78 8.2.66 1.3.2 8.3.15 8.4.68
subanta:guru:pum:2:1,gurum,1.2.45 4.1.2 1.3.4 1.4.7 1.1.43 1.4.7 1.1.43 1.4.13 1.4.14 6.1.107
subanta:guru:pum:2:2,gurU,1.2.45 4.1.2 1.3.3 1.3.9 1.4.7 1.1.43 1.4.7 1.1.43 1.4.13 1.4.14 6.1.102 6.1.101
subanta:guru:pum:2:3,gurUn,1.2.45 4.1.2 1.3.4 1.3.8 1.3.9 1.4.7 1.4.7 1.4.13 1.4.18 1.4.14 6.1.102 6.1.103 6.1.101 8.4.37
subanta:guru:pum:3:1,guruRA,1.2.45 4.1.2 1.3.7 1.3.9 1.4.7 1.4.7 1.4.13 7.3.120 1.4.17 1.4.14 8.4.2
subanta:guru:pum:3:2,guruByAm,1.2.45 4.1.2 1.3.4 1.4.7 1.4.7 1.4.13 1.4.17 1.4.14
subanta:guru:pum:3:3,guruBiH,1.2.45 4.1.2 1.3.4 1.4.7 1.4.7 1.4.13 1.4.17 1.4.14 8.2.66 1.3.2 8.3.15
subanta:guru:pum:4:1,gurave,1.2.45 4.1.2 1.3.8 1.3.9 1.4.7 1.4.7 1.4.13 1.4.18 1.4.14 7.3.111 6.1.78 8.4.68
subanta:guru:pum:4:2,guruByAm,1.2.45 4.1.2 1.3.4 1.4.7 1.4.7 1.4.13 1.4.17 1.4.14
subanta:guru:pum:4:3,guruByaH,1.2.45 4.1.2 1.3.4 1.4.7 1.4.7 1.4.13 1.4.17 1.4.14 8.2.66 1.3.2 8.3.15 8.4.68
subanta:guru:pum:5:1,guroH,1.2.45 4.1.2 1.3.2 1.3.8 1.3.9 1.4.7 1.4.7 1.4.13 1.4.18 1.4.14 7.3.111 6.1.110 8.2.66 1.3.2 8.3.15
subanta:guru:pum:5:2,guruByAm,1.2.45 4.1.2 1.3.4 1.4.7 1.4.7 1.4.13 1.4.17 1.4.14
subanta:guru:pum:5:3,guruByaH,1.2.45 4.1.2 1.3.4 1.4.7 1.4.7 1.4.13 1.4.17 1.4.14 8.2.66 1.3.2 8.3.15 8.4.68
subanta:guru:pum:6:1,guroH,1.2.45 4.1.2 1.3.4 1.3.8 1.3.9 1.4.7 1.4.7 1.4.13 1.4.18 1.4.14 7.3.111 6.1.110 8.2.66 1.3.2 8.3.15
subanta:guru:pum:6:2,gurvoH,1.2.45 4.1.2 1.3.4 1.4.7 1.4.7 1.4.13 1.4.18 1.4.14 6.1.77 8.2.66 1.3.2 8.3.15
subanta:guru:pum:6:3,gurURAm,1.2.45 4.1.2 1.3.4 1.4.7 1.4.7 7.1.54 1.3.2 1.3.3 1.3.9 1.4.13 1.4.17 1.4.14 6.4.3 8.4.2
subanta:guru:pum:7:1,gurO,1.2.45 4.1.2 1.3.8 1.3.9 1.4.7 1.4.7 1.4.13 1.4.18 1.4.14 7.3.119 6.1.88
subanta:guru:pum:7:2,gurvoH,1.2.45 4.1.2 1.3.4 1.4.7 1.4.7 1.4.13 1.4.18 1.4.14 6.1.77 8.2.66 1.3.2 8.3.15
subanta:guru:pum:7:3,guruzu,1.2.45 4.1.2 1.3.3 1.3.9 1.4.7 1.4.7 1.4.13 1.4.17 1.4.14 8.3.59
subanta:guru:pum:8:1,guro,1.2.45 4.1.2 1.3.2 1.3.9 1.4.7 2.3.48 2.3.49 1.1.43 1.4.7 2.3.48 2.3.49 1.1.43 1.4.13 1.4.14 7.3.108 6.1.69
subanta:guru:pum:8:2,gurU,1.2.45 4.1.2 1.4.7 2.3.48 1.1.43 1.4.7 2.3.48 1.1.43 1.4.13 1.4.14 6.1.102 6.1.101
subanta:guru:pum:8:3,guravaH,1.2.45 4.1.2 1.3.4 1.3.7 1.3.9 1.4.7 2.3.48 1.1.43 1.4.7 2.3.48 1.1.43 1.4.13 1.4.14 7.3.109 6.1.78 8.2.66 1.3.2 8.3.15 8.4.68
subanta:sarva:pum:1:1,sarvaH,1.2.45 4.1.2 1.3.2 1.3.9 1.1.27 1.1.43 1.1.27 1.1.43 1.4.13 1.4.14 8.2.66 1.3.2 8.3.15 8.3.111 8.4.68
subanta:sarva:pum:1:2,sarvO,1.2.45 4.1.2 1.1.27 1.1.43 1.1.27 1.1.43 1.4.13 1.4.14 6.1.104 6.1.88 8.3.111 8.4.68
subanta:sarva:pum:1:3,sarve,1.2.45 4.1.2 1.3.4 1.3.7 1.3.9 1.1.27 1.1.43 1.1.27 1.1.43 1.4.13 7.1.17 1.3.8 1.3.9 1.4.14 6.1.104 6.1.87 8.3.111 8.4.68
subanta:sarva:pum:2:1,sarvam,1.2.45 4.1.2 1.3.4 1.1.27 1.1.43 1.1.27 1.1.43 1.4.13 1.4.14 6.1.107 8.3.111 8.4.68
subanta:sarva:pum:2:2,sarvO,1.2.45 4.1.2 1.3.3 1.3.9 1.1.27 1.1.43 1.1.27 1.1.43 1.4.13 1.4.14 6.1.104 6.1.88 8.3.111 8.4.68
subanta:sarva:pum:2:3,sarvAn,1.2.45 4.1.2 1.3.4 1.3.8 1.3.9 1.1.27 1.1.27 1.4.13 1.4.18 1.4.14 6.1.102 6.1.103 6.1.101 8.3.111 8.4.37 8.4.68
subanta:sarva:pum:3:1,sarveRa,1.2.45 4.1.2 1.3.7 1.3.9 1.1.27 1.1.27 1.4.13 7.1.12 1.4.18 1.4.14 6.1.87 8.3.111 8.4.2 8.4.68
subanta:sarva:pum:3:2,sarvAByAm,1.2.45 4.1.2 1.3.4 1.1.27 1.1.27 1.4.13 1.4.17 1.4.14 7.3.102 8.3.111 8.4.68
subanta:sarva:pum:3:3,sarvEH,1.2.45 4.1.2 1.3.4 1.1.27 1.1.27 1.4.13 7.1.9 1.4.18 1.4.14 6.1.88 8.2.66 1.3.2 8.3.15 8.3.111 8.4.68
subanta:sarva:pum:4:1,sarvasmE,1.2.45 4.1.2 1.3.8 1.3.9 1.1.27 1.1.27 1.4.13 7.1.14 1.4.17 1.4.14 8.3.111 8.4.68
subanta:sarva:pum:4:2,sarvAByAm,1.2.45 4.1.2 1.3.4 1.1.27 1.1.27 1.4.13 1.4.17 1.4.14 7.3.102 8.3.111 8.4.68
subanta:sarva:pum:4:3,sarveByaH,1.2.45 4.1.2 1.3.4 1.1.27 1.1.27 1.4.13 1.4.17 1.4.14 7.3.103 8.2.66 1.3.2 8.3.15 8.3.111 8.4.68
subanta:sarva:pum:5:1,sarvasmAd|sarvasmAt,1.2.45 4.1.2 1.3.2 1.3.8 1.3.9 1.1.27 1.1.27 1.4.13 7.1.15 1.4.17 1.4.14 8.2.39 8.3.111 8.4.56 8.4.68
subanta:sarva:pum:5:2,sarvAByAm,1.2.45 4.1.2 1.3.4 1.1.27 1.1.27 1.4.13 1.4.17 1.4.14 7.3.102 8.3.111 8.4.68
subanta:sarva:pum:5:3,sarveByaH,1.2.45 4.1.2 1.3.4 1.1.27 1.1.27 1.4.13 1.4.17 1.4.14 7.3.103 8.2.66 1.3.2 8.3.15 8.3.111 8.4.68
subanta:sarva:pum:6:1,sarvasya,1.2.45 4.1.2 1.3.4 1.3.8 1.3.9 1.1.27 1.1.27 1.4.13 7.1.12 1.4.17 1.4.14 8.3.111 8.4.68
subanta:sarva:pum:6:2,sarvayoH,1.2.45 4.1.2 1.3.4 1.1.27 1.1.27 1.4.13 1.4.18 1.4.14 7.3.104 6.1.78 8.2.66 1.3.2 8.3.15 8.3.111 8.4.68
subanta:sarva:pum:6:3,sarvezAm,1.2.45 4.1.2 1.3.4 1.1.27 1.1.27 7.1.52 1.3.2 1.3.3 1.3.9 1.4.13 1.4.17 1.4.14 7.3.103 8.3.59 8.3.111 8.4.68
subanta:sarva:pum:7:1,sarvasmin,1.2.45 4.1.2 1.3.8 1.3.9 1.1.27 1.1.27 1.4.13 7.1.15 1.4.17 1.4.14 8.3.111 8.4.68
subanta:sarva:pum:7:2,sarvayoH,1.2.45 4.1.2 1.3.4 1.1.27 1.1.27 1.4.13 1.4.18 1.4.14 7.3.104 6.1.78 8.2.66 1.3.2 8.3.15 8.3.111 8.4.68
subanta:sarva:pum:7:3,sarvezu,1.2.45 4.1.2 1.3.3 1.3.9 1.1.27 1.1.27 1.4.13 1.4.17 1.4.14 7.3.103 8.3.59 8.3.111 8.4.68
subanta:sarva:pum:8:1,sarva,1.2.45 4.1.2 1.3.2 1.3.9 1.1.27 2.3.48 2.3.49 1.1.43 1.1.27 2.3.48 2.3.49 1.1.43 1.4.13 1.4.14 6.1.69 8.3.111 8.4.68
subanta:sarva:pum:8:2,sarvO,1.2.45 4.1.2 1.1.27 2.3.48 1.1.43 1.1.27 2.3.48 1.1.43 1.4.13 1.4.14 6.1.104 6.1.88 8.3.111 8.4.68
subanta:sarva:pum:8:3,sarve,1.2.45 4.1.2 1.3.4 1.3.7 1.3.9 1.1.27 2.3.48 1.1.43 1.1.27 2.3.48 1.1.43 1.4.13 7.1.17 1.3.8 1.3.9 1.4.14 6.1.104 6.1.87 8.3.111 8.4.68
subanta:anya:pum:1:1,anyaH,1.2.45 4.1.2 1.3.2 1.3.9 1.1.27 1.1.43 1.1.27 1.1.43 1.4.13 1.4.14 8.2.66 1.3.2 8.3.15 8.4.68
subanta:anya:pum:1:2,anyO,1.2.45 4.1.2 1.1.27 1.1.43 1.1.27 1.1.43 1.4.13 1.4.14 6.1.104 6.1.88 8.4.68
subanta:anya:pum:1:3,anye,1.2.45 4.1.2 1.3.4 1.3.7 1.3.9 1.1.27 1.1.43 1.1.27 1.1.43 1.4.13 7.1.17 1.3.8 1.3.9 1.4.14 6.1.104 6.1.87 8.4.68
subanta:anya:pum:2:1,anyam,1.2.45 4.1.2 1.3.4 1.1.27 1.1.43 1.1.27 1.1.43 1.4.13 1.4.14 6.1.107 8.4.68
subanta:anya:pum:2:2,anyO,1.2.45 4.1.2 1.3.3 1.3.9 1.1.27 1.1.43 1.1.27 1.1.43 1.4.13 1.4.14 6.1.104 6.1.88 8.4.68
subanta:anya:pum:2:3,anyAn,1.2.45 4.1.2 1.3.4 1.3.8 1.3.9 1.1.27 1.1.27 1.4.13 1.4.18 1.4.14 6.1.102 6.1.103 6.1.101 8.4.68
subanta:anya:pum:3:1,anyena,1.2.45 4.1.2 1.3.7 1.3.9 1.1.27 1.1.27 1.4.13 7.1.12 1.4.18 1.4.14 6.1.87 8.4.68
subanta:anya:pum:3:2,anyAByAm,1.2.45 4.1.2 1.3.4 1.1.27 1.1.27 1.4.13 1.4.17 1.4.14 7.3.102 8.4.68
subanta:anya:pum:3:3,anyEH,1.2.45 4.1.2 1.3.4 1.1.27 1.1.27 1.4.13 7.1.9 1.4.18 1.4.14 6.1.88 8.2.66 1.3.2 8.3.15 8.4.68
subanta:anya:pum:4:1,anyasmE,1.2.45 4.1.2 1.3.8 1.3.9 1.1.27 1.1.27 1.4.13 7.1.14 1.4.17 1.4.14 8.4.68
subanta:anya:pum:4:2,anyAByAm,1.2.45 4.1.2 1.3.4 1.1.27 1.1.27 1.4.13 1.4.17 1.4.14 7.3.102 8.4.68
subanta:anya:pum:4:3,anyeByaH,1.2.45 4.1.2 1.3.4 1.1.27 1.1.27 1.4.13 1.4.17 1.4.14 7.3.103 8.2.66 1.3.2 8.3.15 8.4.68
subanta:anya:pum:5:1,anyasmAd|anyasmAt,1.2.45 4.1.2 1.3.2 1.3.8 1.3.9 1.1.27 1.1.27 1.4.13 7.1.15 1.4.17 1.4.14 8.2.39 8.4.56 8.4.68
subanta:anya:pum:5:2,anyAByAm,1.2.45 4.1.2 1.3.4 1.1.27 1.1.27 1.4.13 1.4.17 1.4.14 7.3.102 8.4.68
subanta:anya:pum:5:3,anyeByaH,1.2.45 4.1.2 1.3.4 1.1.27 1.1.27 1.4.13 1.4.17 1.4.14 7.3.103 8.2.66 1.3.2 8.3.15 8.4.68
subanta:anya:pum:6:1,anyasya,1.2.45 4.1.2 1.3.4 1.3.8 1.3.9 1.1.27 1.1.27 1.4.13 7.1.12 1.4.17 1.4.14 8.4.68
subanta:anya:pum:6:2,anyayoH,1.2.45 4.1.2 1.3.4 1.1.27 1.1.27 1.4.13 1.4.18 1.4.14 7.3.104 6.1.78 8.2.66 1.3.2 8.3.15 8.4.68
subanta:anya:pum:6:3,anyezAm,1.2.45 4.1.2 1.3.4 1.1.27 1.1.27 7.1.52 1.3.2 1.3.3 1.3.9 1.4.13 1.4.17 1.4.14 7.3.103 8.3.59 8.4.68
subanta:anya:pum:7:1,anyasmin,1.2.45 4.1.2 1.3.8 1.3.9 1.1.27 1.1.27 1.4.13 7.1.15 1.4.17 1.4.14 8.4.68
subanta:anya:pum:7:2,anyayoH,1.2.45 4.1.2 1.3.4 1.1.27 1.1.27 1.4.13 1.4.18 1.4.14 7.3.104 6.1.78 8.2.66 1.3.2 8.3.15 8.4.68
subanta:anya:pum:7:3,anyezu,1.2.45 4.1.2 1.3.3 1.3.9 1.1.27 1.1.27 1.4.13 1.4.17 1.4.14 7.3.103 8.3.59 8.4.68
subanta:anya:pum:8:1,anya,1.2.45 4.1.2 1.3.2 1.3.9 1.1.27 2.3.48 2.3.49 1.1.43 1.1.27 2.3.48 2.3.49 1.1.43 1.4.13 1.4.14 6.1.69 8.4.68
subanta:anya:pum:8:2,anyO,1.2.45 4.1.2 1.1.27 2.3.48 1.1.43 1.1.27 2.3.48 1.1.43 1.4.13 1.4.14 6.1.104 6.1.88 8.4.68
subanta:anya:pum:8:3,anye,1.2.45 4.1.2 1.3.4 1.3.7 1.3.9 1.1.27 2.3.48 1.1.43 1.1.27 2.3.48 1.1.43 1.4.13 7.1.17 1.3.8 1.3.9 1.4.14 6.1.104 6.1.87 8.4.68
subanta:jYAna:napumsaka:1:1,jYAnam,1.2.45 4.1.2 1.3.2 1.3.9 1.1.73 1.1.73 7.1.24 1.3.4 1.4.13 1.4.18 1.4.14 6.1.107 8.4.68
subanta:jYAna:napumsaka:1:2,jYAne,1.2.45 4.1.2 1.1.73 1.1.73 1.4.13 7.1.19 1.3.8 1.3.9 1.4.18 1.4.14 6.4.148.1 6.1.104 6.1.87
subanta:jYAna:napumsaka:1:3,jYAnAni,1.2.45 4.1.2 1.3.4 1.3.7 1.3.9 1.1.73 1.1.73 1.4.13 7.1.20 1.3.8 1.3.9 1.1.42 1.4.14 7.1.72 6.4.8
subanta:jYAna:napumsaka:2:1,jYAnam,1.2.45 4.1.2 1.3.4 1.1.73 1.1.73 7.1.24 1.3.4 1.4.13 1.4.18 1.4.14 6.1.107 8.4.68
subanta:jYAna:napumsaka:2:2,jYAne,1.2.45 4.1.2 1.3.3 1.3.9 1.1.73 1.1.73 1.4.13 7.1.19 1.3.8 1.3.9 1.4.18 1.4.14 6.4.148.1 6.1.104 6.1.87
subanta:jYAna:napumsaka:2:3,jYAnAni,1.2.45 4.1.2 1.3.4 1.3.8 1.3.9 1.1.73 1.1.73 1.4.13 7.1.20 1.3.8 1.3.9 1.1.42 1.4.14 7.1.72 6.4.8
subanta:jYAna:napumsaka:3:1,jYAnena,1.2.45 4.1.2 1.3.7 1.3.9 1.1.73 1.1.73 1.4.13 7.1.12 1.4.18 1.4.14 6.1.87 8.4.68
subanta:jYAna:napumsaka:3:2,jYAnAByAm,1.2.45 4.1.2 1.3.4 1.1.73 1.1.73 1.4.13 1.4.17 1.4.14 7.3.102
subanta:jYAna:napumsaka:3:3,jYAnEH,1.2.45 4.1.2 1.3.4 1.1.73 1.1.73 1.4.13 7.1.9 1.4.18 1.4.14 6.1.88 8.2.66 1.3.2 8.3.15
subanta:jYAna:napumsaka:4:1,jYAnAya,1.2.45 4.1.2 1.3.8 1.3.9 1.1.73 1.1.73 1.4.13 7.1.13 1.4.18 1.4.14 7.3.102 8.4.68
subanta:jYAna:napumsaka:4:2,jYAnAByAm,1.2.45 4.1.2 1.3.4 1.1.73 1.1.73 1.4.13 1.4.17 1.4.14 7.3.102
subanta:jYAna:napumsaka:4:3,jYAneByaH,1.2.45 4.1.2 1.3.4 1.1.73 1.1.73 1.4.13 1.4.17 1.4.14 7.3.103 8.2.66 1.3.2 8.3.15 8.4.68
subanta:jYAna:napumsaka:5:1,jYAnAd|jYAnAt,1.2.45 4.1.2 1.3.2 1.3.8 1.3.9 1.1.73 1.1.73 1.4.13 7.1.12 1.4.18 1.4.14 6.1.101 8.2.39 8.4.56
subanta:jYAna:napumsaka:5:2,jYAnAByAm,1.2.45 4.1.2 1.3.4 1.1.73 1.1.73 1.4.13 1.4.17 1.4.14 7.3.102
subanta:jYAna:napumsaka:5:3,jYAneByaH,1.2.45 4.1.2 1.3.4 1.1.73 1.1.73 1.4.13 1.4.17 1.4.14 7.3.103 8.2.66 1.3.2 8.3.15 8.4.68
subanta:jYAna:napumsaka:6:1,jYAnasya,1.2.45 4.1.2 1.3.4 1.3.8 1.3.9 1.1.73 1.1.73 1.4.13 7.1.12 1.4.17 1.4.14 8.4.68
subanta:jYAna:napumsaka:6:2,jYAnayoH,1.2.45 4.1.2 1.3.4 1.1.73 1.1.73 1.4.13 1.4.18 1.4.14 7.3.104 6.1.78 8.2.66 1.3.2 8.3.15 8.4.68
subanta:jYAna:napumsaka:6:3,jYAnAnAm,1.2.45 4.1.2 1.3.4 1.1.73 1.1.73 7.1.54 1.3.2 1.3.3 1.3.9 1.4.13 1.4.17 1.4.14 6.4.3
subanta:jYAna:napumsaka:7:1,jYAne,1.2.45 4.1.2 1.3.8 1.3.9 1.1.73 1.1.73 1.4.13 1.4.18 1.4.14 6.1.87
subanta:jYAna:napumsaka:7:2,jYAnayoH,1.2.45 4.1.2 1.3.4 1.1.73 1.1.73 1.4.13 1.4.18 1.4.14 7.3.104 6.1.78 8.2.66 1.3.2 8.3.15 8.4.68
subanta:jYAna:napumsaka:7:3,jYAnezu,1.2.45 4.1.2 1.3.3 1.3.9 1.1.73 1.1.73 1.4.13 1.4.17 1.4.14 7.3.103 8.3.59
subanta:jYAna:napumsaka:8:1,jYAna,1.2.45 4.1.2 1.3.2 1.3.9 1.1.73 2.3.48 2.3.49 1.1.73 2.3.48 2.3.49 7.1.24 1.3.4 1.4.13 1.4.18 1.4.14 6.1.107 6.1.69 8.4.68
subanta:jYAna:napumsaka:8:2,jYAne,1.2.45 4.1.2 1.1.73 2.3.48 1.1.73 2.3.48 1.4.13 7.1.19 1.3.8 1.3.9 1.4.18 1.4.14 6.4.148.1 6.1.104 6.1.87
subanta:jYAna:napumsaka:8:3,jYAnAni,1.2.45 4.1.2 1.3.4 1.3.7 1.3.9 1.1.73 2.3.48 1.1.73 2.3.48 1.4.13 7.1.20 1.3.8 1.3.9 1.1.42 1.4.14 7.1.72 6.4.8
subanta:rADA:stri:1:1,rADA,1.2.45 4.1.2 1.3.2 1.3.9 1.1.73 1.1.43 1.1.73 1.1.43 1.4.13 1.4.14 6.1.68
subanta:rADA:stri:1:2,rADe,1.2.45 4.1.2 1.1.73 1.1.43 1.1.73 1.1.43 1.4.13 7.1.18 1.3.8 1.3.9 1.4.14 6.1.105 6.1.87
subanta:rADA:stri:1:3,rADAH,1.2.45 4.1.2 1.3.4 1.3.7 1.3.9 1.1.73 1.1.43 1.1.73 1.1.43 1.4.13 1.4.14 6.1.105 6.1.101 8.2.66 1.3.2 8.3.15
subanta:rADA:stri:2:1,rADAm,1.2.45 4.1.2 1.3.4 1.1.73 1.1.43 1.1.73 1.1.43 1.4.13 1.4.14 6.1.107
subanta:rADA:stri:2:2,rADe,1.2.45 4.1.2 1.3.3 1.3.9 1.1.73 1.1.43 1.1.73 1.1.43 1.4.13 7.1.18 1.3.8 1.3.9 1.4.14 6.1.105 6.1.87
subanta:rADA:stri:2:3,rADAH,1.2.45 4.1.2 1.3.4 1.3.8 1.3.9 1.1.73 1.1.73 1.4.13 1.4.18 1.4.14 6.1.102 6.1.101 8.2.66 1.3.2 8.3.15
subanta:rADA:stri:3:1,rADayA,1.2.45 4.1.2 1.3.7 1.3.9 1.1.73 1.1.73 1.4.13 1.4.18 1.4.14 7.3.105 6.1.78 8.4.68
subanta:rADA:stri:3:2,rADAByAm,1.2.45 4.1.2 1.3.4 1.1.73 1.1.73 1.4.13 1.4.17 1.4.14
subanta:rADA:stri:3:3,rADABiH,1.2.45 4.1.2 1.3.4 1.1.73 1.1.73 1.4.13 1.4.17 1.4.14 8.2.66 1.3.2 8.3.15
subanta:rADA:stri:4:1,rADAyE,1.2.45 4.1.2 1.3.8 1.3.9 1.1.73 1.1.73 1.4.13 1.4.18 1.4.14 7.3.113 1.3.3 1.3.9 6.1.88
subanta:rADA:stri:4:2,rADAByAm,1.2.45 4.1.2 1.3.4 1.1.73 1.1.73 1.4.13 1.4.17 1.4.14
subanta:rADA:stri:4:3,rADAByaH,1.2.45 4.1.2 1.3.4 1.1.73 1.1.73 1.4.13 1.4.17 1.4.14 8.2.66 1.3.2 8.3.15 8.4.68
subanta:rADA:stri:5:1,rADAyAH,1.2.45 4.1.2 1.3.2 1.3.8 1.3.9 1.1.73 1.1.73 1.4.13 1.4.18 1.4.14 7.3.113 1.3.3 1.3.9 6.1.101 8.2.66 1.3.2 8.3.15
subanta:rADA:stri:5:2,rADAByAm,1.2.45 4.1.2 1.3.4 1.1.73 1.1.73 1.4.13 1.4.17 1.4.14
subanta:rADA:stri:5:3,rADAByaH,1.2.45 4.1.2 1.3.4 1.1.73 1.1.73 1.4.13 1.4.17 1.4.14 8.2.66 1.3.2 8.3.15 8.4.68
subanta:rADA:stri:6:1,rADAyAH,1.2.45 4.1.2 1.3.4 1.3.8 1.3.9 1.1.73 1.1.73 1.4.13 1.4.18 1.4.14 7.3.113 1.3.3 1.3.9 6.1.101 8.2.66 1.3.2 8.3.15
subanta:rADA:stri:6:2,rADayoH,1.2.45 4.1.2 1.3.4 1.1.73 1.1.73 1.4.13 1.4.18 1.4.14 7.3.105 6.1.78 8.2.66 1.3.2 8.3.15 8.4.68
subanta:rADA:stri:6:3,rADAnAm,1.2.45 4.1.2 1.3.4 1.1.73 1.1.73 7.1.54 1.3.2 1.3.3 1.3.9 1.4.13 1.4.17 1.4.14
subanta:rADA:stri:7:1,rADAyAm,1.2.45 4.1.2 1.3.8 1.3.9 1.1.73 1.1.73 1.4.13 1.4.18 1.4.14 7.3.116 1.3.4 7.3.113 1.3.3 1.3.9 6.1.101
subanta:rADA:stri:7:2,rADayoH,1.2.45 4.1.2 1.3.4 1.1.73 1.1.73 1.4.13 1.4.18 1.4.14 7.3.105 6.1.78 8.2.66 1.3.2 8.3.15 8.4.68
subanta:rADA:stri:7:3,rADAsu,1.2.45 4.1.2 1.3.3 1.3.9 1.1.73 1.1.73 1.4.13 1.4.17 1.4.14
subanta:rADA:stri:8:1,rADe,1.2.45 4.1.2 1.3.2 1.3.9 1.1.73 2.3.48 2.3.49 1.1.43 1.1.73 2.3.48 2.3.49 1.1.43 1.4.13 1.4.14 7.3.106 6.1.68
subanta:rADA:stri:8:2,rADe,1.2.45 4.1.2 1.1.73 2.3.48 1.1.43 1.1.73 2.3.48 1.1.43 1.4.13 7.1.18 1.3.8 1.3.9 1.4.14 6.1.105 6.1.87
subanta:rADA:stri:8:3,rADAH,1.2.45 4.1.2 1.3.4 1.3.7 1.3.9 1.1.73 2.3.48 1.1.43 1.1.73 2.3.48 1.1.43 1.4.13 1.4.14 6.1.105 6.1.101 8.2.66 1.3.2 8.3.15
tinanta:BU:laT:1:1,BavAmi,1.3.1 3.2.123 1.3.2 1.3.3 1.3.9 1.3.78 3.4.78 1.3.3 1.3.9 3.4.113 3.1.68 1.3.3 1.3.8 1.3.9 3.4.113 1.4.13 7.3.84 1.4.14 7.3.101 6.1.78 8.4.68
tinanta:BU:laT:1:2,BavAvaH,1.3.1 3.2.123 1.3.2 1.3.3 1.3.9 1.3.78 3.4.78 1.3.4 3.4.113 3.1.68 1.3.3 1.3.8 1.3.9 3.4.113 1.2.4 1.4.13 7.3.84 1.4.14 7.3.101 6.1.78 8.2.66 1.3.2 8.3.15 8.4.68
tinanta:BU:laT:1:3,BavAmaH,1.3.1 3.2.123 1.3.2 1.3.3 1.3.9 1.3.78 3.4.78 1.3.4 3.4.113 3.1.68 1.3.3 1.3.8 1.3.9 3.4.113 1.2.4 1.4.13 7.3.84 1.4.14 7.3.101 6.1.78 8.2.66 1.3.2 8.3.15 8.4.68
tinanta:BU:laT:2:1,Bavasi,1.3.1 3.2.123 1.3.2 1.3.3 1.3.9 1.3.78 3.4.78 1.3.3 1.3.9 3.4.113 3.1.68 1.3.3 1.3.8 1.3.9 3.4.113 1.4.13 7.3.84 1.4.14 6.1.78 8.4.68
tinanta:BU:laT:2:2,BavaTaH,1.3.1 3.2.123 1.3.2 1.3.3 1.3.9 1.3.78 3.4.78 1.3.4 3.4.113 3.1.68 1.3.3 1.3.8 1.3.9 3.4.113 1.2.4 1.4.13 7.3.84 1.4.14 6.1.78 8.2.66 1.3.2 8.3.15 8.4.68
tinanta:BU:laT:2:3,BavaTa,1.3.1 3.2.123 1.3.2 1.3.3 1.3.9 1.3.78 3.4.78 3.4.113 3.1.68 1.3.3 1.3.8 1.3.9 3.4.113 1.2.4 1.4.13 7.3.84 1.4.14 6.1.78 8.4.68
tinanta:BU:laT:3:1,Bavati,1.3.1 3.2.123 1.3.2 1.3.3 1.3.9 1.3.78 3.4.78 1.3.3 1.3.9 3.4.113 3.1.68 1.3.3 1.3.8 1.3.9 3.4.113 1.4.13 7.3.84 1.4.14 6.1.78 8.4.68
tinanta:BU:laT:3:2,BavataH,1.3.1 3.2.123 1.3.2 1.3.3 1.3.9 1.3.78 3.4.78 1.3.4 3.4.113 3.1.68 1.3.3 1.3.8 1.3.9 3.4.113 1.2.4 1.4.13 7.3.84 1.4.14 6.1.78 8.2.66 1.3.2 8.3.15 8.4.68
tinanta:BU:laT:3:3,Bavanti,1.3.1 3.2.123 1.3.2 1.3.3 1.3.9 1.3.78 3.4.78 3.4.113 3.1.68 1.3.3 1.3.8 1.3.9 3.4.113 1.2.4 7.1.3 1.4.13 7.3.84 1.4.14 6.1.78 6.1.97 8.3.24 8.4.58 8.4.68
tinanta:BU:laG:1:1,aBavam,1.3.1 3.2.111 1.3.3 1.3.9 1.3.78 3.4.78 1.3.3 1.3.9 3.4.113 3.1.68 1.3.3 1.3.8 1.3.9 3.4.113 3.4.101 1.3.4 1.4.13 6.4.71 1.3.3 1.3.9 7.3.84 1.4.14 6.1.78 6.1.97 8.4.68
tinanta:BU:laG:1:2,aBavAva,1.3.1 3.2.111 1.3.3 1.3.9 1.3.78 3.4.78 1.3.4 3.4.113 3.1.68 1.3.3 1.3.8 1.3.9 3.4.113 3.4.99 1.2.4 1.4.13 6.4.71 1.3.3 1.3.9 7.3.84 1.4.14 7.3.101 6.1.78 8.4.68
tinanta:BU:laG:1:3,aBavAma,1.3.1 3.2.111 1.3.3 1.3.9 1.3.78 3.4.78 1.3.4 3.4.113 3.1.68 1.3.3 1.3.8 1.3.9 3.4.113 3.4.99 1.2.4 1.4.13 6.4.71 1.3.3 1.3.9 7.3.84 1.4.14 7.3.101 6.1.78 8.4.68
tinanta:BU:laG:2:1,aBavaH,1.3.1 3.2.111 1.3.3 1.3.9 1.3.78 3.4.78 1.3.3 1.3.9 3.4.113 3.1.68 1.3.3 1.3.8 1.3.9 3.4.113 3.4.100 1.4.13 6.4.71 1.3.3 1.3.9 7.3.84 1.4.14 6.1.78 8.2.66 1.3.2 8.3.15 8.4.68
tinanta:BU:laG:2:2,aBavatam,1.3.1 3.2.111 1.3.3 1.3.9 1.3.78 3.4.78 1.3.4 3.4.113 3.1.68 1.3.3 1.3.8 1.3.9 3.4.113 3.4.101 1.3.4 1.2.4 1.4.13 6.4.71 1.3.3 1.3.9 7.3.84 1.4.14 6.1.78 8.4.68
tinanta:BU:laG:2:3,aBavata,1.3.1 3.2.111 1.3.3 1.3.9 1.3.78 3.4.78 3.4.113 3.1.68 1.3.3 1.3.8 1.3.9 3.4.113 3.4.101 1.2.4 1.4.13 6.4.71 1.3.3 1.3.9 7.3.84 1.4.14 6.1.78 8.4.68
tinanta:BU:laG:3:1,aBavad|aBavat,1.3.1 3.2.111 1.3.3 1.3.9 1.3.78 3.4.78 1.3.3 1.3.9 3.4.113 3.1.68 1.3.3 1.3.8 1.3.9 3.4.113 3.4.100 1.4.13 6.4.71 1.3.3 1.3.9 7.3.84 1.4.14 6.1.78 8.2.39 8.4.56 8.4.68
tinanta:BU:laG:3:2,aBavatAm,1.3.1 3.2.111 1.3.3 1.3.9 1.3.78 3.4.78 1.3.4 3.4.113 3.1.68 1.3.3 1.3.8 1.3.9 3.4.113 3.4.101 1.3.4 1.2.4 1.4.13 6.4.71 1.3.3 1.3.9 7.3.84 1.4.14 6.1.78 8.4.68
tinanta:BU:laG:3:3,aBavan,1.3.1 3.2.111 1.3.3 1.3.9 1.3.78 3.4.78 3.4.113 3.1.68 1.3.3 1.3.8 1.3.9 3.4.113 1.2.4 3.4.100 7.1.3 1.4.13 6.4.71 1.3.3 1.3.9 7.3.84 1.4.14 6.1.78 6.1.97 8.2.23 8.4.68
tinanta:BU:liT:1:1,baBUva,1.3.1 3.2.115 1.3.2 1.3.3 1.3.9 1.3.78 3.4.78 1.3.3 1.3.9 3.4.115 3.4.82 1.3.3 1.3.7 1.3.9 3.4.115 7.1.91 6.1.8 6.1.4 6.1.5 1.4.13 6.4.88 1.3.2 1.3.3 1.3.9 7.4.59 7.4.73 1.4.14 8.4.54 8.4.68
tinanta:BU:liT:1:2,baBUviva,1.3.1 3.2.115 1.3.2 1.3.3 1.3.9 1.3.78 3.4.78 1.3.4 3.4.115 3.4.82 3.4.115 1.2.5 7.2.13 7.2.35 1.3.3 1.3.9 1.4.13 6.4.88 1.3.2 1.3.3 1.3.9 6.1.8 6.1.4 6.1.5 7.4.59 7.4.73 1.4.14 8.4.54 8.4.68
tinanta:BU:liT:1:3,baBUvima,1.3.1 3.2.115 1.3.2 1.3.3 1.3.9 1.3.78 3.4.78 1.3.4 3.4.115 3.4.82 3.4.115 1.2.5 7.2.13 7.2.35 1.3.3 1.3.9 1.4.13 6.4.88 1.3.2 1.3.3 1.3.9 6.1.8 6.1.4 6.1.5 7.4.59 7.4.73 1.4.14 8.4.54 8.4.68
tinanta:BU:liT:2:1,baBUviTa,1.3.1 3.2.115 1.3.2 1.3.3 1.3.9 1.3.78 3.4.78 1.3.3 1.3.9 3.4.115 3.4.82 1.3.3 1.3.9 3.4.115 7.2.13 7.2.35 1.3.3 1.3.9 1.4.13 6.4.88 1.3.2 1.3.3 1.3.9 6.1.8 6.1.4 6.1.5 7.4.59 7.4.73 1.4.14 8.4.54 8.4.68
tinanta:BU:liT:2:2,baBUvaTuH,1.3.1 3.2.115 1.3.2 1.3.3 1.3.9 1.3.78 3.4.78 1.3.4 3.4.115 3.4.82 1.3.4 3.4.115 1.2.5 6.1.8 6.1.4 6.1.5 1.4.13 6.4.88 1.3.2 1.3.3 1.3.9 7.4.59 7.4.73 1.4.14 8.2.66 1.3.2 8.3.15 8.4.54 8.4.68
tinanta:BU:liT:2:3,baBUva,1.3.1 3.2.115 1.3.2 1.3.3 1.3.9 1.3.78 3.4.78 3.4.115 3.4.82 3.4.115 1.2.5 6.1.8 6.1.4 6.1.5 1.4.13 6.4.88 1.3.2 1.3.3 1.3.9 7.4.59 7.4.73 1.4.14 8.4.54 8.4.68
tinanta:BU:liT:3:1,baBUva,1.3.1 3.2.115 1.3.2 1.3.3 1.3.9 1.3.78 3.4.78 1.3.3 1.3.9 3.4.115 3.4.82 1.3.3 1.3.7 1.3.9 3.4.115 6.1.8 6.1.4 6.1.5 1.4.13 6.4.88 1.3.2 1.3.3 1.3.9 7.4.59 7.4.73 1.4.14 8.4.54 8.4.68
tinanta:BU:liT:3:2,baBUvatuH,1.3.1 3.2.115 1.3.2 1.3.3 1.3.9 1.3.78 3.4.78 1.3.4 3.4.115 3.4.82 1.3.4 3.4.115 1.2.5 6.1.8 6.1.4 6.1.5 1.4.13 6.4.88 1.3.2 1.3.3 1.3.9 7.4.59 7.4.73 1.4.14 8.2.66 1.3.2 8.3.15 8.4.54 8.4.68
tinanta:BU:liT:3:3,baBUvuH,1.3.1 3.2.115 1.3.2 1.3.3 1.3.9 1.3.78 3.4.78 3.4.115 3.4.82 1.3.4 3.4.115 1.2.5 6.1.8 6.1.4 6.1.5 1.4.13 6.4.88 1.3.2 1.3.3 1.3.9 7.4.59 7.4.73 1.4.14 8.2.66 1.3.2 8.3.15 8.4.54 8.4.68
tinanta:BU:lRT:1:1,BavizyAmi,1.3.1 3.3.13 1.3.2 1.3.3 1.3.9 1.3.78 3.4.78 1.3.3 1.3.9 3.4.113 3.1.33 3.4.114 7.2.35 1.3.3 1.3.9 1.4.13 7.3.84 1.4.14 7.3.101 6.1.78 8.3.59 8.4.68
tinanta:BU:lRT:1:2,BavizyAvaH,1.3.1 3.3.13 1.3.2 1.3.3 1.3.9 1.3.78 3.4.78 1.3.4 3.4.113 3.1.33 3.4.114 7.2.35 1.3.3 1.3.9 1.2.4 1.4.13 7.3.84 1.4.14 7.3.101 6.1.78 8.2.66 1.3.2 8.3.15 8.3.59 8.4.68
tinanta:BU:lRT:1:3,BavizyAmaH,1.3.1 3.3.13 1.3.2 1.3.3 1.3.9 1.3.78 3.4.78 1.3.4 3.4.113 3.1.33 3.4.114 7.2.35 1.3.3 1.3.9 1.2.4 1.4.13 7.3.84 1.4.14 7.3.101 6.1.78 8.2.66 1.3.2 8.3.15 8.3.59 8.4.68
tinanta:BU:lRT:2:1,Bavizyasi,1.3.1 3.3.13 1.3.2 1.3.3 1.3.9 1.3.78 3.4.78 1.3.3 1.3.9 3.4.113 3.1.33 3.4.114 7.2.35 1.3.3 1.3.9 1.4.13 7.3.84 1.4.14 6.1.78 8.3.59 8.4.68
tinanta:BU:lRT:2:2,BavizyaTaH,1.3.1 3.3.13 1.3.2 1.3.3 1.3.9 1.3.78 3.4.78 1.3.4 3.4.113 3.1.33 3.4.114 7.2.35 1.3.3 1.3.9 1.2.4 1.4.13 7.3.84 1.4.14 6.1.78 8.2.66 1.3.2 8.3.15 8.3.59 8.4.68
tinanta:BU:lRT:2:3,BavizyaTa,1.3.1 3.3.13 1.3.2 1.3.3 1.3.9 1.3.78 3.4.78 3.4.113 3.1.33 3.4.114 7.2.35 1.3.3 1.3.9 1.2.4 1.4.13 7.3.84 1.4.14 6.1.78 8.3.59 8.4.68
tinanta:BU:lRT:3:1,Bavizyati,1.3.1 3.3.13 1.3.2 1.3.3 1.3.9 1.3.78 3.4.78 1.3.3 1.3.9 3.4.113 3.1.33 3.4.114 7.2.35 1.3.3 1.3.9 1.4.13 7.3.84 1.4.14 6.1.78 8.3.59 8.4.68
tinanta:BU:lRT:3:2,BavizyataH,1.3.1 3.3.13 1.3.2 1.3.3 1.3.9 1.3.78 3.4.78 1.3.4 3.4.113 3.1.33 3.4.114 7.2.35 1.3.3 1.3.9 1.2.4 1.4.13 7.3.84 1.4.14 6.1.78 8.2.66 1.3.2 8.3.15 8.3.59 8.4.68
tinanta:BU:lRT:3:3,Bavizyanti,1.3.1 3.3.13 1.3.2 1.3.3 1.3.9 1.3.78 3.4.78 3.4.113 3.1.33 3.4.114 7.2.35 1.3.3 1.3.9 1.2.4 7.1.3 1.4.13 7.3.84 1.4.14 6.1.78 6.1.97 8.3.24 8.3.59 8.4.58 8.4.68
tinanta:BU:loT:1:1,BavAni,1.3.1 3.3.162 1.3.2 1.3.3 1.3.9 1.3.78 3.4.78 1.3.3 1.3.9 3.4.113 3.1.68 1.3.3 1.3.8 1.3.9 3.4.113 3.4.89 3.4.92 1.3.3 1.3.9 1.4.13 7.3.84 1.4.14 6.1.78 6.1.101 8.4.68
tinanta:BU:loT:1:2,BavAva,1.3.1 3.3.162 1.3.2 1.3.3 1.3.9 1.3.78 3.4.78 1.3.4 3.4.113 3.1.68 1.3.3 1.3.8 1.3.9 3.4.113 3.4.92 1.3.3 1.3.9 3.4.99 1.4.13 7.3.84 1.4.14 6.1.78 6.1.101 8.4.68
tinanta:BU:loT:1:3,BavAma,1.3.1 3.3.162 1.3.2 1.3.3 1.3.9 1.3.78 3.4.78 1.3.4 3.4.113 3.1.68 1.3.3 1.3.8 1.3.9 3.4.113 3.4.92 1.3.3 1.3.9 3.4.99 1.4.13 7.3.84 1.4.14 6.1.78 6.1.101 8.4.68
tinanta:BU:loT:2:1,Bava|BavatAd|BavatAt,1.3.1 3.3.162 1.3.2 1.3.3 1.3.9 1.3.78 3.4.78 1.3.3 1.3.9 3.4.113 3.1.68 1.3.3 1.3.8 1.3.9 3.4.113 3.4.87 7.1.35 1.3.2 1.3.3 1.3.9 1.2.4 1.4.13 7.3.84 1.4.14 6.1.78 8.2.39 8.4.56 8.4.68
tinanta:BU:loT:2:2,Bavatam,1.3.1 3.3.162 1.3.2 1.3.3 1.3.9 1.3.78 3.4.78 1.3.4 3.4.113 3.1.68 1.3.3 1.3.8 1.3.9 3.4.113 3.4.101 1.3.4 1.2.4 1.4.13 7.3.84 1.4.14 6.1.78 8.4.68
tinanta:BU:loT:2:3,Bavata,1.3.1 3.3.162 1.3.2 1.3.3 1.3.9 1.3.78 3.4.78 3.4.113 3.1.68 1.3.3 1.3.8 1.3.9 3.4.113 3.4.101 1.2.4 1.4.13 7.3.84 1.4.14 6.1.78 8.4.68
tinanta:BU:loT:3:1,BavatAd|BavatAt|Bavatu,1.3.1 3.3.162 1.3.2 1.3.3 1.3.9 1.3.78 3.4.78 1.3.3 1.3.9 3.4.113 3.1.68 1.3.3 1.3.8 1.3.9 3.4.113 3.4.86 7.1.35 1.3.2 1.3.3 1.3.9 1.4.13 7.3.84 1.4.14 6.1.78 8.2.39 8.4.56 8.4.68
tinanta:BU:loT:3:2,BavatAm,1.3.1 3.3.162 1.3.2 1.3.3 1.3.9 1.3.78 3.4.78 1.3.4 3.4.113 3.1.68 1.3.3 1.3.8 1.3.9 3.4.113 3.4.101 1.3.4 1.2.4 1.4.13 7.3.84 1.4.14 6.1.78 8.4.68
tinanta:BU:loT:3:3,Bavantu,1.3.1 3.3.162 1.3.2 1.3.3 1.3.9 1.3.78 3.4.78 3.4.113 3.1.68 1.3.3 1.3.8 1.3.9 3.4.113 1.2.4 3.4.86 7.1.3 1.4.13 7.3.84 1.4.14 6.1.78 6.1.97 8.3.24 8.4.58 8.4.68
tinanta:gamx~:laT:1:1,gacCAmi,1.3.1 1.3.2 1.3.9 01.0934 3.2.123 1.3.2 1.3.3 1.3.9 1.3.78 3.4.78 1.3.3 1.3.9 3.4.113 3.1.68 1.3.3 1.3.8 1.3.9 3.4.113 1.4.13 7.3.77 6.1.73 1.4.14 7.3.101 8.4.40 8.4.68
tinanta:gamx~:laT:1:2,gacCAvaH,1.3.1 1.3.2 1.3.9 01.0934 3.2.123 1.3.2 1.3.3 1.3.9 1.3.78 3.4.78 1.3.4 3.4.113 3.1.68 1.3.3 1.3.8 1.3.9 3.4.113 1.2.4 1.4.13 7.3.77 6.1.73 1.4.14 7.3.101 8.2.66 1.3.2 8.3.15 8.4.40 8.4.68
tinanta:gamx~:laT:1:3,gacCAmaH,1.3.1 1.3.2 1.3.9 01.0934 3.2.123 1.3.2 1.3.3 1.3.9 1.3.78 3.4.78 1.3.4 3.4.113 3.1.68 1.3.3 1.3.8 1.3.9 3.4.113 1.2.4 1.4.13 7.3.77 6.1.73 1.4.14 7.3.101 8.2.66 1.3.2 8.3.15 8.4.40 8.4.68
tinanta:gamx~:laT:2:1,gacCasi,1.3.1 1.3.2 1.3.9 01.0934 3.2.123 1.3.2 1.3.3 1.3.9 1.3.78 3.4.78 1.3.3 1.3.9 3.4.113 3.1.68 1.3.3 1.3.8 1.3.9 3.4.113 1.4.13 7.3.77 6.1.73 1.4.14 8.4.40 8.4.68
tinanta:gamx~:laT:2:2,gacCaTaH,1.3.1 1.3.2 1.3.9 01.0934 3.2.123 1.3.2 1.3.3 1.3.9 1.3.78 3.4.78 1.3.4 3.4.113 3.1.68 1.3.3 1.3.8 1.3.9 3.4.113 1.2.4 1.4.13 7.3.77 6.1.73 1.4.14 8.2.66 1.3.2 8.3.15 8.4.40 8.4.68
tinanta:gamx~:laT:2:3,gacCaTa,1.3.1 1.3.2 1.3.9 01.0934 3.2.123 1.3.2 1.3.3 1.3.9 1.3.78 3.4.78 3.4.113 3.1.68 1.3.3 1.3.8 1.3.9 3.4.113 1.2.4 1.4.13 7.3.77 6.1.73 1.4.14 8.4.40 8.4.68
tinanta:gamx~:laT:3:1,gacCati,1.3.1 1.3.2 1.3.9 01.0934 3.2.123 1.3.2 1.3.3 1.3.9 1.3.78 3.4.78 1.3.3 1.3.9 3.4.113 3.1.68 1.3.3 1.3.8 1.3.9 3.4.113 1.4.13 7.3.77 6.1.73 1.4.14 8.4.40 8.4.68
tinanta:gamx~:laT:3:2,gacCataH,1.3.1 1.3.2 1.3.9 01.0934 3.2.123 1.3.2 1.3.3 1.3.9 1.3.78 3.4.78 1.3.4 3.4.113 3.1.68 1.3.3 1.3.8 1.3.9 3.4.113 1.2.4 1.4.13 7.3.77 6.1.73 1.4.14 8.2.66 1.3.2 8.3.15 8.4.40 8.4.68
tinanta:gamx~:laT:3:3,gacCanti,1.3.1 1.3.2 1.3.9 01.0934 3.2.123 1.3.2 1.3.3 1.3.9 1.3.78 3.4.78 3.4.113 3.1.68 1.3.3 1.3.8 1.3.9 3.4.113 1.2.4 7.1.3 1.4.13 7.3.77 6.1.73 1.4.14 6.1.97 8.3.24 8.4.40 8.4.58 8.4.68
tinanta:gamx~:laG:1:1,agacCam,1.3.1 1.3.2 1.3.9 01.0934 3.2.111 1.3.3 1.3.9 1.3.78 3.4.78 1.3.3 1.3.9 3.4.113 3.1.68 1.3.3 1.3.8 1.3.9 3.4.113 3.4.101 1.3.4 1.4.13 7.3.77 6.1.73 6.4.71 1.3.3 1.3.9 1.4.14 6.1.97 8.4.40 8.4.68
tinanta:gamx~:laG:1:2,agacCAva,1.3.1 1.3.2 1.3.9 01.0934 3.2.111 1.3.3 1.3.9 1.3.78 3.4.78 1.3.4 3.4.113 3.1.68 1.3.3 1.3.8 1.3.9 3.4.113 3.4.99 1.2.4 1.4.13 7.3.77 6.1.73 6.4.71 1.3.3 1.3.9 1.4.14 7.3.101 8.4.40 8.4.68
tinanta:gamx~:laG:1:3,agacCAma,1.3.1 1.3.2 1.3.9 01.0934 3.2.111 1.3.3 1.3.9 1.3.78 3.4.78 1.3.4 3.4.113 3.1.68 1.3.3 1.3.8 1.3.9 3.4.113 3.4.99 1.2.4 1.4.13 7.3.77 6.1.73 6.4.71 1.3.3 1.3.9 1.4.14 7.3.101 8.4.40 8.4.68
tinanta:gamx~:laG:2:1,agacCaH,1.3.1 1.3.2 1.3.9 01.0934 3.2.111 1.3.3 1.3.9 1.3.78 3.4.78 1.3.3 1.3.9 3.4.113 3.1.68 1.3.3 1.3.8 1.3.9 3.4.113 3.4.100 1.4.13 7.3.77 6.1.73 6.4.71 1.3.3 1.3.9 1.4.14 8.2.66 1.3.2 8.3.15 8.4.40 8.4.68
tinanta:gamx~:laG:2:2,agacCatam,1.3.1 1.3.2 1.3.9 01.0934 3.2.111 1.3.3 1.3.9 1.3.78 3.4.78 1.3.4 3.4.113 3.1.68 1.3.3 1.3.8 1.3.9 3.4.113 3.4.101 1.3.4 1.2.4 1.4.13 7.3.77 6.1.73 6.4.71 1.3.3 1.3.9 1.4.14 8.4.40 8.4.68
tinanta:gamx~:laG:2:3,agacCata,1.3.1 1.3.2 1.3.9 01.0934 3.2.111 1.3.3 1.3.9 1.3.78 3.4.78 3.4.113 3.1.68 1.3.3 1.3.8 1.3.9 3.4.113 3.4.101 1.2.4 1.4.13 7.3.77 6.1.73 6.4.71 1.3.3 1.3.9 1.4.14 8.4.40 8.4.68
tinanta:gamx~:laG:3:1,agacCad|agacCat,1.3.1 1.3.2 1.3.9 01.0934 3.2.111 1.3.3 1.3.9 1.3.78 3.4.78 1.3.3 1.3.9 3.4.113 3.1.68 1.3.3 1.3.8 1.3.9 3.4.113 3.4.100 1.4.13 7.3.77 6.1.73 6.4.71 1.3.3 1.3.9 1.4.14 8.2.39 8.4.40 8.4.56 8.4.68
tinanta:gamx~:laG:3:2,agacCatAm,1.3.1 1.3.2 1.3.9 01.0934 3.2.111 1.3.3 1.3.9 1.3.78 3.4.78 1.3.4 3.4.113 3.1.68 1.3.3 1.3.8 1.3.9 3.4.113 3.4.101 1.3.4 1.2.4 1.4.13 7.3.77 6.1.73 6.4.71 1.3.3 1.3.9 1.4.14 8.4.40 8.4.68
tinanta:gamx~:laG:3:3,agacCan,1.3.1 1.3.2 1.3.9 01.0934 3.2.111 1.3.3 1.3.9 1.3.78 3.4.78 3.4.113 3.1.68 1.3.3 1.3.8 1.3.9 3.4.113 1.2.4 3.4.100 7.1.3 1.4.13 7.3.77 6.1.73 6.4.71 1.3.3 1.3.9 1.4.14 6.1.97 8.2.23 8.4.40 8.4.68
tinanta:gamx~:liT:1:1,jagAma|jagama,1.3.1 1.3.2 1.3.9 01.0934 3.2.115 1.3.2 1.3.3 1.3.9 1.3.78 3.4.78 1.3.3 1.3.9 3.4.115 3.4.82 1.3.3 1.3.7 1.3.9 3.4.115 7.1.91 6.1.8 6.1.4 6.1.5 1.4.13 7.4.60 7.4.62 1.4.14 8.4.68
tinanta:gamx~:liT:1:2,jagmiva,1.3.1 1.3.2 1.3.9 01.0934 3.2.115 1.3.2 1.3.3 1.3.9 1.3.78 3.4.78 1.3.4 3.4.115 3.4.82 3.4.115 1.2.5 7.2.13 7.2.35 1.3.3 1.3.9 1.4.13 6.1.8 6.1.4 6.1.5 6.4.98 7.4.60 7.4.62 1.4.14 8.4.68
tinanta:gamx~:liT:1:3,jagmima,1.3.1 1.3.2 1.3.9 01.0934 3.2.115 1.3.2 1.3.3 1.3.9 1.3.78 3.4.78 1.3.4 3.4.115 3.4.82 3.4.115 1.2.5 7.2.13 7.2.35 1.3.3 1.3.9 1.4.13 6.1.8 6.1.4 6.1.5 6.4.98 7.4.60 7.4.62 1.4.14 8.4.68
tinanta:gamx~:liT:2:1,jagamiTa|jaganTa,1.3.1 1.3.2 1.3.9 01.0934 3.2.115 1.3.2 1.3.3 1.3.9 1.3.78 3.4.78 1.3.3 1.3.9 3.4.115 3.4.82 1.3.3 1.3.9 3.4.115 7.2.62 1.3.3 1.3.9 1.4.13 6.1.8 6.1.4 6.1.5 7.4.60 7.4.62 1.4.14 8.4.68
tinanta:gamx~:liT:2:2,jagmaTuH,1.3.1 1.3.2 1.3.9 01.0934 3.2.115 1.3.2 1.3.3 1.3.9 1.3.78 3.4.78 1.3.4 3.4.115 3.4.82 1.3.4 3.4.115 1.2.5 6.1.8 6.1.4 6.1.5 1.4.13 6.4.98 7.4.60 7.4.62 1.4.14 8.2.66 1.3.2 8.3.15 8.4.68
tinanta:gamx~:liT:2:3,jagma,1.3.1 1.3.2 1.3.9 01.0934 3.2.115 1.3.2 1.3.3 1.3.9 1.3.78 3.4.78 3.4.115 3.4.82 3.4.115 1.2.5 6.1.8 6.1.4 6.1.5 1.4.13 6.4.98 7.4.60 7.4.62 1.4.14 8.4.68
tinanta:gamx~:liT:3:1,jagAma,1.3.1 1.3.2 1.3.9 01.0934 3.2.115 1.3.2 1.3.3 1.3.9 1.3.78 3.4.78 1.3.3 1.3.9 3.4.115 3.4.82 1.3.3 1.3.7 1.3.9 3.4.115 6.1.8 6.1.4 6.1.5 1.4.13 7.2.116 7.4.60 7.4.62 1.4.14 8.4.68
tinanta:gamx~:liT:3:2,jagmatuH,1.3.1 1.3.2 1.3.9 01.0934 3.2.115 1.3.2 1.3.3 1.3.9 1.3.78 3.4.78 1.3.4 3.4.115 3.4.82 1.3.4 3.4.115 1.2.5 6.1.8 6.1.4 6.1.5 1.4.13 6.4.98 7.4.60 7.4.62 1.4.14 8.2.66 1.3.2 8.3.15 8.4.68
tinanta:gamx~:liT:3:3,jagmuH,1.3.1 1.3.2 1.3.9 01.0934 3.2.115 1.3.2 1.3.3 1.3.9 1.3.78 3.4.78 3.4.115 3.4.82 1.3.4 3.4.115 1.2.5 6.1.8 6.1.4 6.1.5 1.4.13 6.4.98 7.4.60 7.4.62 1.4.14 8.2.66 1.3.2 8.3.15 8.4.68
tinanta:gamx~:lRT:1:1,gamizyAmi,1.3.1 1.3.2 1.3.9 01.0934 3.3.13 1.3.2 1.3.3 1.3.9 1.3.78 3.4.78 1.3.3 1.3.9 3.4.113 3.1.33 3.4.114 7.2.58 1.3.3 1.3.9 1.4.13 1.4.14 7.3.101 8.3.59 8.4.68
tinanta:gamx~:lRT:1:2,gamizyAvaH,1.3.1 1.3.2 1.3.9 01.0934 3.3.13 1.3.2 1.3.3 1.3.9 1.3.78 3.4.78 1.3.4 3.4.113 3.1.33 3.4.114 7.2.58 1.3.3 1.3.9 1.2.4 1.4.13 1.4.14 7.3.101 8.2.66 1.3.2 8.3.15 8.3.59 8.4.68
tinanta:gamx~:lRT:1:3,gamizyAmaH,1.3.1 1.3.2 1.3.9 01.0934 3.3.13 1.3.2 1.3.3 1.3.9 1.3.78 3.4.78 1.3.4 3.4.113 3.1.33 3.4.114 7.2.58 1.3.3 1.3.9 1.2.4 1.4.13 1.4.14 7.3.101 8.2.66 1.3.2 8.3.15 8.3.59 8.4.68
tinanta:gamx~:lRT:2:1,gamizyasi,1.3.1 1.3.2 1.3.9 01.0934 3.3.13 1.3.2 1.3.3 1.3.9 1.3.78 3.4.78 1.3.3 1.3.9 3.4.113 3.1.33 3.4.114 7.2.58 1.3.3 1.3.9 1.4.13 1.4.14 8.3.59 8.4.68
tinanta:gamx~:lRT:2:2,gamizyaTaH,1.3.1 1.3.2 1.3.9 01.0934 3.3.13 1.3.2 1.3.3 1.3.9 1.3.78 3.4.78 1.3.4 3.4.113 3.1.33 3.4.114 7.2.58 1.3.3 1.3.9 1.2.4 1.4.13 1.4.14 8.2.66 1.3.2 8.3.15 8.3.59 8.4.68
tinanta:gamx~:lRT:2:3,gamizyaTa,1.3.1 1.3.2 1.3.9 01.0934 3.3.13 1.3.2 1.3.3 1.3.9 1.3.78 3.4.78 3.4.113 3.1.33 3.4.114 7.2.58 1.3.3 1.3.9 1.2.4 1.4.13 1.4.14 8.3.59 8.4.68
tinanta:gamx~:lRT:3:1,gamizyati,1.3.1 1.3.2 1.3.9 01.0934 3.3.13 1.3.2 1.3.3 1.3.9 1.3.78 3.4.78 1.3.3 1.3.9 3.4.113 3.1.33 3.4.114 7.2.58 1.3.3 1.3.9 1.4.13 1.4.14 8.3.59 8.4.68
tinanta:gamx~:lRT:3:2,gamizyataH,1.3.1 1.3.2 1.3.9 01.0934 3.3.13 1.3.2 1.3.3 1.3.9 1.3.78 3.4.78 1.3.4 3.4.113 3.1.33 3.4.114 7.2.58 1.3.3 1.3.9 1.2.4 1.4.13 1.4.14 8.2.66 1.3.2 8.3.15 8.3.59 8.4.68
tinanta:gamx~:lRT:3:3,gamizyanti,1.3.1 1.3.2 1.3.9 01.0934 3.3.13 1.3.2 1.3.3 1.3.9 1.3.78 3.4.78 3.4.113 3.1.33 3.4.114 7.2.58 1.3.3 1.3.9 1.2.4 7.1.3 1.4.13 1.4.14 6.1.97 8.3.24 8.3.59 8.4.58 8.4.68
tinanta:gamx~:loT:1:1,gacCAni,1.3.1 1.3.2 1.3.9 01.0934 3.3.162 1.3.2 1.3.3 1.3.9 1.3.78 3.4.78 1.3.3 1.3.9 3.4.113 3.1.68 1.3.3 1.3.8 1.3.9 3.4.113 3.4.89 3.4.92 1.3.3 1.3.9 1.4.13 7.3.77 6.1.73 1.4.14 6.1.101 8.4.40 8.4.68
tinanta:gamx~:loT:1:2,gacCAva,1.3.1 1.3.2 1.3.9 01.0934 3.3.162 1.3.2 1.3.3 1.3.9 1.3.78 3.4.78 1.3.4 3.4.113 3.1.68 1.3.3 1.3.8 1.3.9 3.4.113 3.4.92 1.3.3 1.3.9 3.4.99 1.4.13 7.3.77 6.1.73 1.4.14 6.1.101 8.4.40 8.4.68
tinanta:gamx~:loT:1:3,gacCAma,1.3.1 1.3.2 1.3.9 01.0934 3.3.162 1.3.2 1.3.3 1.3.9 1.3.78 3.4.78 1.3.4 3.4.113 3.1.68 1.3.3 1.3.8 1.3.9 3.4.113 3.4.92 1.3.3 1.3.9 3.4.99 1.4.13 7.3.77 6.1.73 1.4.14 6.1.101 8.4.40 8.4.68
tinanta:gamx~:loT:2:1,gacCa|gacCatAd|gacCatAt,1.3.1 1.3.2 1.3.9 01.0934 3.3.162 1.3.2 1.3.3 1.3.9 1.3.78 3.4.78 1.3.3 1.3.9 3.4.113 3.1.68 1.3.3 1.3.8 1.3.9 3.4.113 3.4.87 7.1.35 1.3.2 1.3.3 1.3.9 1.2.4 1.4.13 7.3.77 6.1.73 1.4.14 8.2.39 8.4.40 8.4.56 8.4.68
tinanta:gamx~:loT:2:2,gacCatam,1.3.1 1.3.2 1.3.9 01.0934 3.3.162 1.3.2 1.3.3 1.3.9 1.3.78 3.4.78 1.3.4 3.4.113 3.1.68 1.3.3 1.3.8 1.3.9 3.4.113 3.4.101 1.3.4 1.2.4 1.4.13 7.3.77 6.1.73 1.4.14 8.4.40 8.4.68
tinanta:gamx~:loT:2:3,gacCata,1.3.1 1.3.2 1.3.9 01.0934 3.3.162 1.3.2 1.3.3 1.3.9 1.3.78 3.4.78 3.4.113 3.1.68 1.3.3 1.3.8 1.3.9 3.4.113 3.4.101 1.2.4 1.4.13 7.3.77 6.1.73 1.4.14 8.4.40 8.4.68
tinanta:gamx~:loT:3:1,gacCatAd|gacCatAt|gacCatu,1.3.1 1.3.2 1.3.9 01.0934 3.3.162 1.3.2 1.3.3 1.3.9 1.3.78 3.4.78 1.3.3 1.3.9 3.4.113 3.1.68 1.3.3 1.3.8 1.3.9 3.4.113 3.4.86 7.1.35 1.3.2 1.3.3 1.3.9 1.4.13 7.3.77 6.1.73 1.4.14 8.2.39 8.4.40 8.4.56 8.4.68
tinanta:gamx~:loT:3:2,gacCatAm,1.3.1 1.3.2 1.3.9 01.0934 3.3.162 1.3.2 1.3.3 1.3.9 1.3.78 3.4.78 1.3.4 3.4.113 3.1.68 1.3.3 1.3.8 1.3.9 3.4.113 3.4.101 1.3.4 1.2.4 1.4.13 7.3.77 6.1.73 1.4.14 8.4.40 8.4.68
tinanta:gamx~:loT:3:3,gacCantu,1.3.1 1.3.2 1.3.9 01.0934 3.3.162 1.3.2 1.3.3 1.3.9 1.3.78 3.4.78 3.4.113 3.1.68 1.3.3 1.3.8 1.3.9 3.4.113 1.2.4 3.4.86 7.1.3 1.4.13 7.3.77 6.1.73 1.4.14 6.1.97 8.3.24 8.4.40 8.4.58 8.4.68
tinanta:pA:laT:1:1,pibAmi,1.3.1 3.2.123 1.3.2 1.3.3 1.3.9 1.3.78 3.4.78 1.3.3 1.3.9 3.4.113 3.1.68 1.3.3 1.3.8 1.3.9 3.4.113 1.4.13 7.3.78 1.4.14 7.3.101 6.1.101
tinanta:pA:laT:1:2,pibAvaH,1.3.1 3.2.123 1.3.2 1.3.3 1.3.9 1.3.78 3.4.78 1.3.4 3.4.113 3.1.68 1.3.3 1.3.8 1.3.9 3.4.113 1.2.4 1.4.13 7.3.78 1.4.14 7.3.101 6.1.101 8.2.66 1.3.2 8.3.15 8.4.68
tinanta:pA:laT:1:3,pibAmaH,1.3.1 3.2.123 1.3.2 1.3.3 1.3.9 1.3.78 3.4.78 1.3.4 3.4.113 3.1.68 1.3.3 1.3.8 1.3.9 3.4.113 1.2.4 1.4.13 7.3.78 1.4.14 7.3.101 6.1.101 8.2.66 1.3.2 8.3.15 8.4.68
tinanta:pA:laT:2:1,pibasi,1.3.1 3.2.123 1.3.2 1.3.3 1.3.9 1.3.78 3.4.78 1.3.3 1.3.9 3.4.113 3.1.68 1.3.3 1.3.8 1.3.9 3.4.113 1.4.13 7.3.78 1.4.14 6.1.97 8.4.68
tinanta:pA:laT:2:2,pibaTaH,1.3.1 3.2.123 1.3.2 1.3.3 1.3.9 1.3.78 3.4.78 1.3.4 3.4.113 3.1.68 1.3.3 1.3.8 1.3.9 3.4.113 1.2.4 1.4.13 7.3.78 1.4.14 6.1.97 8.2.66 1.3.2 8.3.15 8.4.68
tinanta:pA:laT:2:3,pibaTa,1.3.1 3.2.123 1.3.2 1.3.3 1.3.9 1.3.78 3.4.78 3.4.113 3.1.68 1.3.3 1.3.8 1.3.9 3.4.113 1.2.4 1.4.13 7.3.78 1.4.14 6.1.97 8.4.68
tinanta:pA:laT:3:1,pibati,1.3.1 3.2.123 1.3.2 1.3.3 1.3.9 1.3.78 3.4.78 1.3.3 1.3.9 3.4.113 3.1.68 1.3.3 1.3.8 1.3.9 3.4.113 1.4.13 7.3.78 1.4.14 6.1.97 8.4.68
tinanta:pA:laT:3:2,pibataH,1.3.1 3.2.123 1.3.2 1.3.3 1.3.9 1.3.78 3.4.78 1.3.4 3.4.113 3.1.68 1.3.3 1.3.8 1.3.9 3.4.113 1.2.4 1.4.13 7.3.78 1.4.14 6.1.97 8.2.66 1.3.2 8.3.15 8.4.68
tinanta:pA:laT:3:3,pibanti,1.3.1 3.2.123 1.3.2 1.3.3 1.3.9 1.3.78 3.4.78 3.4.113 3.1.68 1.3.3 1.3.8 1.3.9 3.4.113 1.2.4 7.1.3 1.4.13 7.3.78 1.4.14 6.1.97 6.1.97 8.3.24 8.4.58 8.4.68
tinanta:pA:laG:1:1,apibam,1.3.1 3.2.111 1.3.3 1.3.9 1.3.78 3.4.78 1.3.3 1.3.9 3.4.113 3.1.68 1.3.3 1.3.8 1.3.9 3.4.113 3.4.101 1.3.4 1.4.13 7.3.78 6.4.71 1.3.3 1.3.9 1.4.14 6.1.97 6.1.97 8.4.68
tinanta:pA:laG:1:2,apibAva,1.3.1 3.2.111 1.3.3 1.3.9 1.3.78 3.4.78 1.3.4 3.4.113 3.1.68 1.3.3 1.3.8 1.3.9 3.4.113 3.4.99 1.2.4 1.4.13 7.3.78 6.4.71 1.3.3 1.3.9 1.4.14 7.3.101 6.1.101 8.4.68
tinanta:pA:laG:1:3,apibAma,1.3.1 3.2.111 1.3.3 1.3.9 1.3.78 3.4.78 1.3.4 3.4.113 3.1.68 1.3.3 1.3.8 1.3.9 3.4.113 3.4.99 1.2.4 1.4.13 7.3.78 6.4.71 1.3.3 1.3.9 1.4.14 7.3.101 6.1.101 8.4.68
tinanta:pA:laG:2:1,apibaH,1.3.1 3.2.111 1.3.3 1.3.9 1.3.78 3.4.78 1.3.3 1.3.9 3.4.113 3.1.68 1.3.3 1.3.8 1.3.9 3.4.113 3.4.100 1.4.13 7.3.78 6.4.71 1.3.3 1.3.9 1.4.14 6.1.97 8.2.66 1.3.2 8.3.15 8.4.68
tinanta:pA:laG:2:2,apibatam,1.3.1 3.2.111 1.3.3 1.3.9 1.3.78 3.4.78 1.3.4 3.4.113 3.1.68 1.3.3 1.3.8 1.3.9 3.4.113 3.4.101 1.3.4 1.2.4 1.4.13 7.3.78 6.4.71 1.3.3 1.3.9 1.4.14 6.1.97 8.4.68
tinanta:pA:laG:2:3,apibata,1.3.1 3.2.111 1.3.3 1.3.9 1.3.78 3.4.78 3.4.113 3.1.68 1.3.3 1.3.8 1.3.9 3.4.113 3.4.101 1.2.4 1.4.13 7.3.78 6.4.71 1.3.3 1.3.9 1.4.14 6.1.97 8.4.68
tinanta:pA:laG:3:1,apibad|apibat,1.3.1 3.2.111 1.3.3 1.3.9 1.3.78 3.4.78 1.3.3 1.3.9 3.4.113 3.1.68 1.3.3 1.3.8 1.3.9 3.4.113 3.4.100 1.4.13 7.3.78 6.4.71 1.3.3 1.3.9 1.4.14 6.1.97 8.2.39 8.4.56 8.4.68
tinanta:pA:laG:3:2,apibatAm,1.3.1 3.2.111 1.3.3 1.3.9 1.3.78 3.4.78 1.3.4 3.4.113 3.1.68 1.3.3 1.3.8 1.3.9 3.4.113 3.4.101 1.3.4 1.2.4 1.4.13 7.3.78 6.4.71 1.3.3 1.3.9 1.4.14 6.1.97 8.4.68
tinanta:pA:laG:3:3,apiban,1.3.1 3.2.111 1.3.3 1.3.9 1.3.78 3.4.78 3.4.113 3.1.68 1.3.3 1.3.8 1.3.9 3.4.113 1.2.4 3.4.100 7.1.3 1.4.13 7.3.78 6.4.71 1.3.3 1.3.9 1.4.14 6.1.97 6.1.97 8.2.23 8.4.68
tinanta:pA:liT:1:1,papO,1.3.1 3.2.115 1.3.2 1.3.3 1.3.9 1.3.78 3.4.78 1.3.3 1.3.9 3.4.115 3.4.82 1.3.3 1.3.7 1.3.9 3.4.115 7.1.91 6.1.8 6.1.4 6.1.5 1.4.13 7.1.34 7.4.59 1.4.14 6.1.88 8.4.68
tinanta:pA:liT:1:2,papiva,1.3.1 3.2.115 1.3.2 1.3.3 1.3.9 1.3.78 3.4.78 1.3.4 3.4.115 3.4.82 3.4.115 1.2.5 7.2.13 7.2.35 1.3.3 1.3.9 1.4.13 6.1.8 6.1.4 6.1.5 6.4.64 7.4.59 1.4.14 8.4.68
tinanta:pA:liT:1:3,papima,1.3.1 3.2.115 1.3.2 1.3.3 1.3.9 1.3.78 3.4.78 1.3.4 3.4.115 3.4.82 3.4.115 1.2.5 7.2.13 7.2.35 1.3.3 1.3.9 1.4.13 6.1.8 6.1.4 6.1.5 6.4.64 7.4.59 1.4.14 8.4.68
tinanta:pA:liT:2:1,papATa|papiTa,1.3.1 3.2.115 1.3.2 1.3.3 1.3.9 1.3.78 3.4.78 1.3.3 1.3.9 3.4.115 3.4.82 1.3.3 1.3.9 3.4.115 7.2.61 1.3.3 1.3.9 1.4.13 6.1.8 6.1.4 6.1.5 6.4.64 7.4.59 1.4.14 8.4.68
tinanta:pA:liT:2:2,papaTuH,1.3.1 3.2.115 1.3.2 1.3.3 1.3.9 1.3.78 3.4.78 1.3.4 3.4.115 3.4.82 1.3.4 3.4.115 1.2.5 6.1.8 6.1.4 6.1.5 1.4.13 6.4.64 7.4.59 1.4.14 8.2.66 1.3.2 8.3.15 8.4.68
tinanta:pA:liT:2:3,papa,1.3.1 3.2.115 1.3.2 1.3.3 1.3.9 1.3.78 3.4.78 3.4.115 3.4.82 3.4.115 1.2.5 6.1.8 6.1.4 6.1.5 1.4.13 6.4.64 7.4.59 1.4.14 8.4.68
tinanta:pA:liT:3:1,papO,1.3.1 3.2.115 1.3.2 1.3.3 1.3.9 1.3.78 3.4.78 1.3.3 1.3.9 3.4.115 3.4.82 1.3.3 1.3.7 1.3.9 3.4.115 6.1.8 6.1.4 6.1.5 1.4.13 7.1.34 7.4.59 1.4.14 6.1.88 8.4.68
tinanta:pA:liT:3:2,papatuH,1.3.1 3.2.115 1.3.2 1.3.3 1.3.9 1.3.78 3.4.78 1.3.4 3.4.115 3.4.82 1.3.4 3.4.115 1.2.5 6.1.8 6.1.4 6.1.5 1.4.13 6.4.64 7.4.59 1.4.14 8.2.66 1.3.2 8.3.15 8.4.68
tinanta:pA:liT:3:3,papuH,1.3.1 3.2.115 1.3.2 1.3.3 1.3.9 1.3.78 3.4.78 3.4.115 3.4.82 1.3.4 3.4.115 1.2.5 6.1.8 6.1.4 6.1.5 1.4.13 6.4.64 7.4.59 1.4.14 8.2.66 1.3.2 8.3.15 8.4.68
tinanta:pA:lRT:1:1,pAsyAmi,1.3.1 3.3.13 1.3.2 1.3.3 1.3.9 1.3.78 3.4.78 1.3.3 1.3.9 3.4.113 3.1.33 3.4.114 7.2.10 1.4.13 1.4.14 7.3.101
tinanta:pA:lRT:1:2,pAsyAvaH,1.3.1 3.3.13 1.3.2 1.3.3 1.3.9 1.3.78 3.4.78 1.3.4 3.4.113 3.1.33 3.4.114 7.2.10 1.2.4 1.4.13 1.4.14 7.3.101 8.2.66 1.3.2 8.3.15 8.4.68
tinanta:pA:lRT:1:3,pAsyAmaH,1.3.1 3.3.13 1.3.2 1.3.3 1.3.9 1.3.78 3.4.78 1.3.4 3.4.113 3.1.33 3.4.114 7.2.10 1.2.4 1.4.13 1.4.14 7.3.101 8.2.66 1.3.2 8.3.15 8.4.68
tinanta:pA:lRT:2:1,pAsyasi,1.3.1 3.3.13 1.3.2 1.3.3 1.3.9 1.3.78 3.4.78 1.3.3 1.3.9 3.4.113 3.1.33 3.4.114 7.2.10 1.4.13 1.4.14 8.4.68
tinanta:pA:lRT:2:2,pAsyaTaH,1.3.1 3.3.13 1.3.2 1.3.3 1.3.9 1.3.78 3.4.78 1.3.4 3.4.113 3.1.33 3.4.114 7.2.10 1.2.4 1.4.13 1.4.14 8.2.66 1.3.2 8.3.15 8.4.68
tinanta:pA:lRT:2:3,pAsyaTa,1.3.1 3.3.13 1.3.2 1.3.3 1.3.9 1.3.78 3.4.78 3.4.113 3.1.33 3.4.114 7.2.10 1.2.4 1.4.13 1.4.14 8.4.68
tinanta:pA:lRT:3:1,pAsyati,1.3.1 3.3.13 1.3.2 1.3.3 1.3.9 1.3.78 3.4.78 1.3.3 1.3.9 3.4.113 3.1.33 3.4.114 7.2.10 1.4.13 1.4.14 8.4.68
tinanta:pA:lRT:3:2,pAsyataH,1.3.1 3.3.13 1.3.2 1.3.3 1.3.9 1.3.78 3.4.78 1.3.4 3.4.113 3.1.33 3.4.114 7.2.10 1.2.4 1.4.13 1.4.14 8.2.66 1.3.2 8.3.15 8.4.68
tinanta:pA:lRT:3:3,pAsyanti,1.3.1 3.3.13 1.3.2 1.3.3 1.3.9 1.3.78 3.4.78 3.4.113 3.1.33 3.4.114 7.2.10 1.2.4 7.1.3 1.4.13 1.4.14 6.1.97 8.3.24 8.4.58 8.4.68
tinanta:pA:loT:1:1,pibAni,1.3.1 3.3.162 1.3.2 1.3.3 1.3.9 1.3.78 3.4.78 1.3.3 1.3.9 3.4.113 3.1.68 1.3.3 1.3.8 1.3.9 3.4.113 3.4.89 3.4.92 1.3.3 1.3.9 1.4.13 7.3.78 1.4.14 6.1.97 6.1.101
tinanta:pA:loT:1:2,pibAva,1.3.1 3.3.162 1.3.2 1.3.3 1.3.9 1.3.78 3.4.78 1.3.4 3.4.113 3.1.68 1.3.3 1.3.8 1.3.9 3.4.113 3.4.92 1.3.3 1.3.9 3.4.99 1.4.13 7.3.78 1.4.14 6.1.97 6.1.101 8.4.68
tinanta:pA:loT:1:3,pibAma,1.3.1 3.3.162 1.3.2 1.3.3 1.3.9 1.3.78 3.4.78 1.3.4 3.4.113 3.1.68 1.3.3 1.3.8 1.3.9 3.4.113 3.4.92 1.3.3 1.3.9 3.4.99 1.4.13 7.3.78 1.4.14 6.1.97 6.1.101 8.4.68
tinanta:pA:loT:2:1,piba|pibatAd|pibatAt,1.3.1 3.3.162 1.3.2 1.3.3 1.3.9 1.3.78 3.4.78 1.3.3 1.3.9 3.4.113 3.1.68 1.3.3 1.3.8 1.3.9 3.4.113 3.4.87 7.1.35 1.3.2 1.3.3 1.3.9 1.2.4 1.4.13 7.3.78 1.4.14 6.1.97 8.2.39 8.4.56 8.4.68
tinanta:pA:loT:2:2,pibatam,1.3.1 3.3.162 1.3.2 1.3.3 1.3.9 1.3.78 3.4.78 1.3.4 3.4.113 3.1.68 1.3.3 1.3.8 1.3.9 3.4.113 3.4.101 1.3.4 1.2.4 1.4.13 7.3.78 1.4.14 6.1.97 8.4.68
tinanta:pA:loT:2:3,pibata,1.3.1 3.3.162 1.3.2 1.3.3 1.3.9 1.3.78 3.4.78 3.4.113 3.1.68 1.3.3 1.3.8 1.3.9 3.4.113 3.4.101 1.2.4 1.4.13 7.3.78 1.4.14 6.1.97 8.4.68
tinanta:pA:loT:3:1,pibatAd|pibatAt|pibatu,1.3.1 3.3.162 1.3.2 1.3.3 1.3.9 1.3.78 3.4.78 1.3.3 1.3.9 3.4.113 3.1.68 1.3.3 1.3.8 1.3.9 3.4.113 3.4.86 7.1.35 1.3.2 1.3.3 1.3.9 1.4.13 7.3.78 1.4.14 6.1.97 8.2.39 8.4.56 8.4.68
tinanta:pA:loT:3:2,pibatAm,1.3.1 3.3.162 1.3.2 1.3.3 1.3.9 1.3.78 3.4.78 1.3.4 3.4.113 3.1.68 1.3.3 1.3.8 1.3.9 3.4.113 3.4.101 1.3.4 1.2.4 1.4.13 7.3.78 1.4.14 6.1.97 8.4.68
tinanta:pA:loT:3:3,pibantu,1.3.1 3.3.162 1.3.2 1.3.3 1.3.9 1.3.78 3.4.78 3.4.113 3.1.68 1.3.3 1.3.8 1.3.9 3.4.113 1.2.4 3.4.86 7.1.3 1.4.13 7.3.78 1.4.14 6.1.97 6.1.97 8.3.24 8.4.58 8.4.68
tinanta:nIY:laT:1:1,nayAmi|naye,1.3.1 1.3.3 1.3.9 6.1.65 3.2.123 1.3.2 1.3.3 1.3.9 1.3.72 3.4.78 1.3.3 1.3.9 3.4.113 3.1.68 1.3.3 1.3.8 1.3.9 3.4.113 3.4.79 1.2.4 1.4.13 7.3.84 1.4.14 6.1.78 6.1.97 8.4.68
tinanta:nIY:laT:1:2,nayAvaH|nayAvahe,1.3.1 1.3.3 1.3.9 6.1.65 3.2.123 1.3.2 1.3.3 1.3.9 1.3.72 3.4.78 3.4.113 3.1.68 1.3.3 1.3.8 1.3.9 3.4.113 3.4.79 1.2.4 1.4.13 7.3.84 1.4.14 7.3.101 6.1.78 8.4.68
tinanta:nIY:laT:1:3,nayAmaH|nayAmahe,1.3.1 1.3.3 1.3.9 6.1.65 3.2.123 1.3.2 1.3.3 1.3.9 1.3.72 3.4.78 1.3.3 1.3.9 3.4.113 3.1.68 1.3.3 1.3.8 1.3.9 3.4.113 3.4.79 1.2.4 1.4.13 7.3.84 1.4.14 7.3.101 6.1.78 8.4.68
tinanta:nIY:laT:2:1,nayase|nayasi,1.3.1 1.3.3 1.3.9 6.1.65 3.2.123 1.3.2 1.3.3 1.3.9 1.3.72 3.4.78 1.3.4 3.4.113 3.1.68 1.3.3 1.3.8 1.3.9 3.4.113 3.4.80 1.2.4 1.4.13 7.3.84 1.4.14 6.1.78 8.4.68
tinanta:nIY:laT:2:2,nayaTaH|nayeTe,1.3.1 1.3.3 1.3.9 6.1.65 3.2.123 1.3.2 1.3.3 1.3.9 1.3.72 3.4.78 1.3.4 3.4.113 3.1.68 1.3.3 1.3.8 1.3.9 3.4.113 3.4.79 1.2.4 1.4.13 7.2.81 6.1.66 7.3.84 1.4.14 6.1.78 6.1.87 8.4.68
tinanta:nIY:laT:2:3,nayaDve|nayaTa,1.3.1 1.3.3 1.3.9 6.1.65 3.2.123 1.3.2 1.3.3 1.3.9 1.3.72 3.4.78 1.3.4 3.4.113 3.1.68 1.3.3 1.3.8 1.3.9 3.4.113 3.4.79 1.2.4 1.4.13 7.3.84 1.4.14 6.1.78 8.4.68
tinanta:nIY:laT:3:1,nayate|nayati,1.3.1 1.3.3 1.3.9 6.1.65 3.2.123 1.3.2 1.3.3 1.3.9 1.3.72 3.4.78 3.4.113 3.1.68 1.3.3 1.3.8 1.3.9 3.4.113 3.4.79 1.2.4 1.4.13 7.3.84 1.4.14 6.1.78 8.4.68
tinanta:nIY:laT:3:2,nayataH|nayete,1.3.1 1.3.3 1.3.9 6.1.65 3.2.123 1.3.2 1.3.3 1.3.9 1.3.72 3.4.78 1.3.4 3.4.113 3.1.68 1.3.3 1.3.8 1.3.9 3.4.113 3.4.79 1.2.4 1.4.13 7.2.81 6.1.66 7.3.84 1.4.14 6.1.78 6.1.87 8.4.68
tinanta:nIY:laT:3:3,nayante|nayanti,1.3.1 1.3.3 1.3.9 6.1.65 3.2.123 1.3.2 1.3.3 1.3.9 1.3.72 3.4.78 3.4.113 3.1.68 1.3.3 1.3.8 1.3.9 3.4.113 3.4.79 1.2.4 7.1.3 1.4.13 7.3.84 1.4.14 6.1.78 6.1.97 8.3.24 8.4.58 8.4.68
tinanta:nIY:laG:1:1,anayam|anaye,1.3.1 1.3.3 1.3.9 6.1.65 3.2.111 1.3.3 1.3.9 1.3.72 3.4.78 1.3.3 1.3.9 3.4.113 3.1.68 1.3.3 1.3.8 1.3.9 3.4.113 1.2.4 1.4.13 6.4.71 1.3.3 1.3.9 7.3.84 1.4.14 6.1.78 6.1.87 8.4.68
tinanta:nIY:laG:1:2,anayAva|anayAvahi,1.3.1 1.3.3 1.3.9 6.1.65 3.2.111 1.3.3 1.3.9 1.3.72 3.4.78 3.4.113 3.1.68 1.3.3 1.3.8 1.3.9 3.4.113 1.2.4 1.4.13 6.4.71 1.3.3 1.3.9 7.3.84 1.4.14 7.3.101 6.1.78 8.4.68
tinanta:nIY:laG:1:3,anayAma|anayAmahi,1.3.1 1.3.3 1.3.9 6.1.65 3.2.111 1.3.3 1.3.9 1.3.72 3.4.78 1.3.3 1.3.9 3.4.113 3.1.68 1.3.3 1.3.8 1.3.9 3.4.113 1.2.4 1.4.13 6.4.71 1.3.3 1.3.9 7.3.84 1.4.14 7.3.101 6.1.78 8.4.68
tinanta:nIY:laG:2:1,anayaH|anayaTAH,1.3.1 1.3.3 1.3.9 6.1.65 3.2.111 1.3.3 1.3.9 1.3.72 3.4.78 1.3.4 3.4.113 3.1.68 1.3.3 1.3.8 1.3.9 3.4.113 1.2.4 1.4.13 6.4.71 1.3.3 1.3.9 7.3.84 1.4.14 6.1.78 8.2.66 1.3.2 8.3.15 8.4.68
tinanta:nIY:laG:2:2,anayatam|anayeTAm,1.3.1 1.3.3 1.3.9 6.1.65 3.2.111 1.3.3 1.3.9 1.3.72 3.4.78 1.3.4 3.4.113 3.1.68 1.3.3 1.3.8 1.3.9 3.4.113 1.2.4 1.4.13 7.2.81 6.1.66 6.4.71 1.3.3 1.3.9 7.3.84 1.4.14 6.1.78 6.1.87 8.4.68
tinanta:nIY:laG:2:3,anayaDvam|anayata,1.3.1 1.3.3 1.3.9 6.1.65 3.2.111 1.3.3 1.3.9 1.3.72 3.4.78 1.3.4 3.4.113 3.1.68 1.3.3 1.3.8 1.3.9 3.4.113 1.2.4 1.4.13 6.4.71 1.3.3 1.3.9 7.3.84 1.4.14 6.1.78 8.4.68
tinanta:nIY:laG:3:1,anayad|anayat|anayata,1.3.1 1.3.3 1.3.9 6.1.65 3.2.111 1.3.3 1.3.9 1.3.72 3.4.78 3.4.113 3.1.68 1.3.3 1.3.8 1.3.9 3.4.113 1.2.4 1.4.13 6.4.71 1.3.3 1.3.9 7.3.84 1.4.14 6.1.78 8.4.68
tinanta:nIY:laG:3:2,anayatAm|anayetAm,1.3.1 1.3.3 1.3.9 6.1.65 3.2.111 1.3.3 1.3.9 1.3.72 3.4.78 1.3.4 3.4.113 3.1.68 1.3.3 1.3.8 1.3.9 3.4.113 1.2.4 1.4.13 7.2.81 6.1.66 6.4.71 1.3.3 1.3.9 7.3.84 1.4.14 6.1.78 6.1.87 8.4.68
tinanta:nIY:laG:3:3,anayan|anayanta,1.3.1 1.3.3 1.3.9 6.1.65 3.2.111 1.3.3 1.3.9 1.3.72 3.4.78 3.4.113 3.1.68 1.3.3 1.3.8 1.3.9 3.4.113 1.2.4 7.1.3 1.4.13 6.4.71 1.3.3 1.3.9 7.3.84 1.4.14 6.1.78 6.1.97 8.3.24 8.4.58 8.4.68
tinanta:nIY:liT:1:1,ninAya|ninaya|ninye,1.3.1 1.3.3 1.3.9 6.1.65 3.2.115 1.3.2 1.3.3 1.3.9 1.3.72 3.4.78 1.3.3 1.3.9 3.4.115 3.4.79 3.4.115 1.2.5 6.1.8 6.1.4 6.1.5 1.4.13 1.1.5 7.4.59 1.4.14 6.4.82
tinanta:nIY:liT:1:2,ninyiva|ninyivahe,1.3.1 1.3.3 1.3.9 6.1.65 3.2.115 1.3.2 1.3.3 1.3.9 1.3.72 3.4.78 3.4.115 3.4.79 3.4.115 1.2.5 7.2.13 7.2.35 1.3.3 1.3.9 1.4.13 1.1.5 6.1.8 6.1.4 6.1.5 7.4.59 1.4.14 6.4.82 8.4.68
tinanta:nIY:liT:1:3,ninyima|ninyimahe,1.3.1 1.3.3 1.3.9 6.1.65 3.2.115 1.3.2 1.3.3 1.3.9 1.3.72 3.4.78 1.3.3 1.3.9 3.4.115 3.4.79 3.4.115 1.2.5 7.2.13 7.2.35 1.3.3 1.3.9 1.4.13 1.1.5 6.1.8 6.1.4 6.1.5 7.4.59 1.4.14 6.4.82 8.4.68
tinanta:nIY:liT:2:1,ninayiTa|nineTa|ninyize,1.3.1 1.3.3 1.3.9 6.1.65 3.2.115 1.3.2 1.3.3 1.3.9 1.3.72 3.4.78 1.3.4 3.4.115 3.4.80 3.4.115 1.2.5 7.2.13 7.2.35 1.3.3 1.3.9 1.4.13 1.1.5 6.1.8 6.1.4 6.1.5 7.4.59 1.4.14 6.4.82 8.3.59
tinanta:nIY:liT:2:2,ninyATe|ninyaTuH,1.3.1 1.3.3 1.3.9 6.1.65 3.2.115 1.3.2 1.3.3 1.3.9 1.3.72 3.4.78 1.3.4 3.4.115 3.4.79 3.4.115 1.2.5 6.1.8 6.1.4 6.1.5 1.4.13 1.1.5 7.4.59 1.4.14 6.4.82
tinanta:nIY:liT:2:3,ninya|ninyiDve|ninyiQve,1.3.1 1.3.3 1.3.9 6.1.65 3.2.115 1.3.2 1.3.3 1.3.9 1.3.72 3.4.78 1.3.4 3.4.115 3.4.79 3.4.115 1.2.5 7.2.13 7.2.35 1.3.3 1.3.9 1.4.13 1.1.5 6.1.8 6.1.4 6.1.5 7.4.59 1.4.14 6.4.82 8.3.79
tinanta:nIY:liT:3:1,ninAya|ninye,1.3.1 1.3.3 1.3.9 6.1.65 3.2.115 1.3.2 1.3.3 1.3.9 1.3.72 3.4.78 3.4.115 3.4.81 1.3.3 1.3.9 3.4.115 1.2.5 6.1.8 6.1.4 6.1.5 1.4.13 1.1.5 7.4.59 1.4.14 6.4.82
tinanta:nIY:liT:3:2,ninyAte|ninyatuH,1.3.1 1.3.3 1.3.9 6.1.65 3.2.115 1.3.2 1.3.3 1.3.9 1.3.72 3.4.78 1.3.4 3.4.115 3.4.79 3.4.115 1.2.5 6.1.8 6.1.4 6.1.5 1.4.13 1.1.5 7.4.59 1.4.14 6.4.82
tinanta:nIY:liT:3:3,ninyire|ninyuH,1.3.1 1.3.3 1.3.9 6.1.65 3.2.115 1.3.2 1.3.3 1.3.9 1.3.72 3.4.78 3.4.115 3.4.81 1.3.3 1.3.9 3.4.115 1.2.5 6.1.8 6.1.4 6.1.5 1.4.13 1.1.5 7.4.59 1.4.14 6.4.82
tinanta:nIY:lRT:1:1,nezyAmi|nezye,1.3.1 1.3.3 1.3.9 6.1.65 3.3.13 1.3.2 1.3.3 1.3.9 1.3.72 3.4.78 1.3.3 1.3.9 3.4.113 3.1.33 3.4.114 3.4.79 7.2.10 1.2.4 1.4.13 7.3.84 1.4.14 6.1.97 8.3.59
tinanta:nIY:lRT:1:2,nezyAvaH|nezyAvahe,1.3.1 1.3.3 1.3.9 6.1.65 3.3.13 1.3.2 1.3.3 1.3.9 1.3.72 3.4.78 3.4.113 3.1.33 3.4.114 3.4.79 7.2.10 1.2.4 1.4.13 7.3.84 1.4.14 7.3.101 8.3.59 8.4.68
tinanta:nIY:lRT:1:3,nezyAmaH|nezyAmahe,1.3.1 1.3.3 1.3.9 6.1.65 3.3.13 1.3.2 1.3.3 1.3.9 1.3.72 3.4.78 1.3.3 1.3.9 3.4.113 3.1.33 3.4.114 3.4.79 7.2.10 1.2.4 1.4.13 7.3.84 1.4.14 7.3.101 8.3.59 8.4.68
tinanta:nIY:lRT:2:1,nezyase|nezyasi,1.3.1 1.3.3 1.3.9 6.1.65 3.3.13 1.3.2 1.3.3 1.3.9 1.3.72 3.4.78 1.3.4 3.4.113 3.1.33 3.4.114 3.4.80 7.2.10 1.2.4 1.4.13 7.3.84 1.4.14 8.3.59 8.4.68
tinanta:nIY:lRT:2:2,nezyaTaH|nezyeTe,1.3.1 1.3.3 1.3.9 6.1.65 3.3.13 1.3.2 1.3.3 1.3.9 1.3.72 3.4.78 1.3.4 3.4.113 3.1.33 3.4.114 3.4.79 7.2.10 1.2.4 1.4.13 7.2.81 6.1.66 7.3.84 1.4.14 6.1.87 8.3.59
tinanta:nIY:lRT:2:3,nezyaDve|nezyaTa,1.3.1 1.3.3 1.3.9 6.1.65 3.3.13 1.3.2 1.3.3 1.3.9 1.3.72 3.4.78 1.3.4 3.4.113 3.1.33 3.4.114 3.4.79 7.2.10 1.2.4 1.4.13 7.3.84 1.4.14 8.3.59 8.4.68
tinanta:nIY:lRT:3:1,nezyate|nezyati,1.3.1 1.3.3 1.3.9 6.1.65 3.3.13 1.3.2 1.3.3 1.3.9 1.3.72 3.4.78 3.4.113 3.1.33 3.4.114 3.4.79 7.2.10 1.2.4 1.4.13 7.3.84 1.4.14 8.3.59 8.4.68
tinanta:nIY:lRT:3:2,nezyataH|nezyete,1.3.1 1.3.3 1.3.9 6.1.65 3.3.13 1.3.2 1.3.3 1.3.9 1.3.72 3.4.78 1.3.4 3.4.113 3.1.33 3.4.114 3.4.79 7.2.10 1.2.4 1.4.13 7.2.81 6.1.66 7.3.84 1.4.14 6.1.87 8.3.59
tinanta:nIY:lRT:3:3,nezyante|nezyanti,1.3.1 1.3.3 1.3.9 6.1.65 3.3.13 1.3.2 1.3.3 1.3.9 1.3.72 3.4.78 3.4.113 3.1.33 3.4.114 3.4.79 7.2.10 1.2.4 7.1.3 1.4.13 7.3.84 1.4.14 6.1.97 8.3.24 8.3.59 8.4.58 8.4.68
tinanta:nIY:loT:1:1,nayAni|nayE,1.3.1 1.3.3 1.3.9 6.1.65 3.3.162 1.3.2 1.3.3 1.3.9 1.3.72 3.4.78 1.3.3 1.3.9 3.4.113 3.1.68 1.3.3 1.3.8 1.3.9 3.4.113 3.4.79 3.4.93 3.4.92 1.3.3 1.3.9 1.4.13 7.3.84 1.4.14 6.1.90 6.1.78 6.1.88 8.4.68
tinanta:nIY:loT:1:2,nayAva|nayAvahE,1.3.1 1.3.3 1.3.9 6.1.65 3.3.162 1.3.2 1.3.3 1.3.9 1.3.72 3.4.78 3.4.113 3.1.68 1.3.3 1.3.8 1.3.9 3.4.113 3.4.79 3.4.93 3.4.92 1.3.3 1.3.9 1.4.13 7.3.84 1.4.14 6.1.78 6.1.101 8.4.68
tinanta:nIY:loT:1:3,nayAma|nayAmahE,1.3.1 1.3.3 1.3.9 6.1.65 3.3.162 1.3.2 1.3.3 1.3.9 1.3.72 3.4.78 1.3.3 1.3.9 3.4.113 3.1.68 1.3.3 1.3.8 1.3.9 3.4.113 3.4.79 3.4.93 3.4.92 1.3.3 1.3.9 1.4.13 7.3.84 1.4.14 6.1.78 6.1.101 8.4.68
tinanta:nIY:loT:2:1,naya|nayasva|nayatAd|nayatAt,1.3.1 1.3.3 1.3.9 6.1.65 3.3.162 1.3.2 1.3.3 1.3.9 1.3.72 3.4.78 1.3.4 3.4.113 3.1.68 1.3.3 1.3.8 1.3.9 3.4.113 3.4.80 3.4.91 1.2.4 1.4.13 7.3.84 1.4.14 6.1.78 8.4.68
tinanta:nIY:loT:2:2,nayatam|nayeTAm,1.3.1 1.3.3 1.3.9 6.1.65 3.3.162 1.3.2 1.3.3 1.3.9 1.3.72 3.4.78 1.3.4 3.4.113 3.1.68 1.3.3 1.3.8 1.3.9 3.4.113 3.4.79 3.4.90 1.2.4 1.4.13 7.2.81 6.1.66 7.3.84 1.4.14 6.1.78 6.1.87 8.4.68
tinanta:nIY:loT:2:3,nayaDvam|nayata,1.3.1 1.3.3 1.3.9 6.1.65 3.3.162 1.3.2 1.3.3 1.3.9 1.3.72 3.4.78 1.3.4 3.4.113 3.1.68 1.3.3 1.3.8 1.3.9 3.4.113 3.4.79 3.4.91 1.2.4 1.4.13 7.3.84 1.4.14 6.1.78 8.4.68
tinanta:nIY:loT:3:1,nayatAd|nayatAm|nayatAt|nayatu,1.3.1 1.3.3 1.3.9 6.1.65 3.3.162 1.3.2 1.3.3 1.3.9 1.3.72 3.4.78 3.4.113 3.1.68 1.3.3 1.3.8 1.3.9 3.4.113 3.4.79 3.4.90 1.2.4 1.4.13 7.3.84 1.4.14 6.1.78 8.4.68
tinanta:nIY:loT:3:2,nayatAm|nayetAm,1.3.1 1.3.3 1.3.9 6.1.65 3.3.162 1.3.2 1.3.3 1.3.9 1.3.72 3.4.78 1.3.4 3.4.113 3.1.68 1.3.3 1.3.8 1.3.9 3.4.113 3.4.79 3.4.90 1.2.4 1.4.13 7.2.81 6.1.66 7.3.84 1.4.14 6.1.78 6.1.87 8.4.68
tinanta:nIY:loT:3:3,nayantAm|nayantu,1.3.1 1.3.3 1.3.9 6.1.65 3.3.162 1.3.2 1.3.3 1.3.9 1.3.72 3.4.78 3.4.113 3.1.68 1.3.3 1.3.8 1.3.9 3.4.113 3.4.79 3.4.90 1.2.4 7.1.3 1.4.13 7.3.84 1.4.14 6.1.78 6.1.97 8.3.24 8.4.58 8.4.68
tinanta:qukfY:laT:1:1,karomi|kurve,1.3.1 1.3.3 1.3.5 1.3.9 3.2.123 1.3.2 1.3.3 1.3.9 1.3.72 3.4.78 1.3.3 1.3.9 3.4.113 3.1.79 3.4.114 3.4.79 1.2.4 1.4.13 7.3.84 1.1.5 1.4.14 6.4.110 6.1.77 8.2.79
tinanta:qukfY:laT:1:2,kurvaH|kurvahe,1.3.1 1.3.3 1.3.5 1.3.9 3.2.123 1.3.2 1.3.3 1.3.9 1.3.72 3.4.78 3.4.113 3.1.79 3.4.114 3.4.79 1.2.4 1.4.13 7.3.84 1.1.5 1.4.14 6.4.110 6.4.108 8.2.79 8.4.68
tinanta:qukfY:laT:1:3,kurmaH|kurmahe,1.3.1 1.3.3 1.3.5 1.3.9 3.2.123 1.3.2 1.3.3 1.3.9 1.3.72 3.4.78 1.3.3 1.3.9 3.4.113 3.1.79 3.4.114 3.4.79 1.2.4 1.4.13 7.3.84 1.1.5 1.4.14 6.4.110 6.4.108 8.2.79 8.4.68
tinanta:qukfY:laT:2:1,karozi|kuruze,1.3.1 1.3.3 1.3.5 1.3.9 3.2.123 1.3.2 1.3.3 1.3.9 1.3.72 3.4.78 1.3.4 3.4.113 3.1.79 3.4.114 3.4.80 1.2.4 1.4.13 7.3.84 1.1.5 1.4.14 6.4.110 8.2.79 8.3.59
tinanta:qukfY:laT:2:2,kuruTaH|kurvATe,1.3.1 1.3.3 1.3.5 1.3.9 3.2.123 1.3.2 1.3.3 1.3.9 1.3.72 3.4.78 1.3.4 3.4.113 3.1.79 3.4.114 3.4.79 1.2.4 1.4.13 7.3.84 1.1.5 1.4.14 6.4.110 6.1.77 8.2.79
tinanta:qukfY:laT:2:3,kuruDve|kuruTa,1.3.1 1.3.3 1.3.5 1.3.9 3.2.123 1.3.2 1.3.3 1.3.9 1.3.72 3.4.78 1.3.4 3.4.113 3.1.79 3.4.114 3.4.79 1.2.4 1.4.13 7.3.84 1.1.5 1.4.14 6.4.110 8.2.79
tinanta:qukfY:laT:3:1,karoti|kurute,1.3.1 1.3.3 1.3.5 1.3.9 3.2.123 1.3.2 1.3.3 1.3.9 1.3.72 3.4.78 3.4.113 3.1.79 3.4.114 3.4.79 1.2.4 1.4.13 7.3.84 1.1.5 1.4.14 6.4.110 8.2.79
tinanta:qukfY:laT:3:2,kurutaH|kurvAte,1.3.1 1.3.3 1.3.5 1.3.9 3.2.123 1.3.2 1.3.3 1.3.9 1.3.72 3.4.78 1.3.4 3.4.113 3.1.79 3.4.114 3.4.79 1.2.4 1.4.13 7.3.84 1.1.5 1.4.14 6.4.110 6.1.77 8.2.79
tinanta:qukfY:laT:3:3,kurvanti|kurvate,1.3.1 1.3.3 1.3.5 1.3.9 3.2.123 1.3.2 1.3.3 1.3.9 1.3.72 3.4.78 3.4.113 3.1.79 3.4.114 3.4.79 1.2.4 7.1.5 1.4.13 7.3.84 1.1.5 1.4.14 6.4.110 6.1.77 8.2.79 8.4.68
tinanta:qukfY:laG:1:1,akaravam|akurvi,1.3.1 1.3.3 1.3.5 1.3.9 3.2.111 1.3.3 1.3.9 1.3.72 3.4.78 1.3.3 1.3.9 3.4.113 3.1.79 3.4.114 1.2.4 1.4.13 6.4.71 1.3.3 1.3.9 7.3.84 1.1.5 1.4.14 6.4.110 6.1.77 8.2.79 8.4.68
tinanta:qukfY:laG:1:2,akurva|akurvahi,1.3.1 1.3.3 1.3.5 1.3.9 3.2.111 1.3.3 1.3.9 1.3.72 3.4.78 3.4.113 3.1.79 3.4.114 1.2.4 1.4.13 6.4.71 1.3.3 1.3.9 7.3.84 1.1.5 1.4.14 6.4.110 6.4.108 8.2.79 8.4.68
tinanta:qukfY:laG:1:3,akurma|akurmahi,1.3.1 1.3.3 1.3.5 1.3.9 3.2.111 1.3.3 1.3.9 1.3.72 3.4.78 1.3.3 1.3.9 3.4.113 3.1.79 3.4.114 1.2.4 1.4.13 6.4.71 1.3.3 1.3.9 7.3.84 1.1.5 1.4.14 6.4.110 6.4.108 8.2.79 8.4.68
tinanta:qukfY:laG:2:1,akaroH|akuruTAH,1.3.1 1.3.3 1.3.5 1.3.9 3.2.111 1.3.3 1.3.9 1.3.72 3.4.78 1.3.4 3.4.113 3.1.79 3.4.114 1.2.4 1.4.13 6.4.71 1.3.3 1.3.9 7.3.84 1.1.5 1.4.14 6.4.110 8.2.66 1.3.2 8.2.79 8.3.15 8.4.68
tinanta:qukfY:laG:2:2,akurutam|akurvATAm,1.3.1 1.3.3 1.3.5 1.3.9 3.2.111 1.3.3 1.3.9 1.3.72 3.4.78 1.3.4 3.4.113 3.1.79 3.4.114 1.2.4 1.4.13 6.4.71 1.3.3 1.3.9 7.3.84 1.1.5 1.4.14 6.4.110 6.1.77 8.2.79 8.4.68
tinanta:qukfY:laG:2:3,akuruDvam|akuruta,1.3.1 1.3.3 1.3.5 1.3.9 3.2.111 1.3.3 1.3.9 1.3.72 3.4.78 1.3.4 3.4.113 3.1.79 3.4.114 1.2.4 1.4.13 6.4.71 1.3.3 1.3.9 7.3.84 1.1.5 1.4.14 6.4.110 8.2.79 8.4.68
tinanta:qukfY:laG:3:1,akarod|akarot|akuruta,1.3.1 1.3.3 1.3.5 1.3.9 3.2.111 1.3.3 1.3.9 1.3.72 3.4.78 3.4.113 3.1.79 3.4.114 1.2.4 1.4.13 6.4.71 1.3.3 1.3.9 7.3.84 1.1.5 1.4.14 6.4.110 8.2.79 8.4.68
tinanta:qukfY:laG:3:2,akurutAm|akurvAtAm,1.3.1 1.3.3 1.3.5 1.3.9 3.2.111 1.3.3 1.3.9 1.3.72 3.4.78 1.3.4 3.4.113 3.1.79 3.4.114 1.2.4 1.4.13 6.4.71 1.3.3 1.3.9 7.3.84 1.1.5 1.4.14 6.4.110 6.1.77 8.2.79 8.4.68
tinanta:qukfY:laG:3:3,akurvan|akurvata,1.3.1 1.3.3 1.3.5 1.3.9 3.2.111 1.3.3 1.3.9 1.3.72 3.4.78 3.4.113 3.1.79 3.4.114 1.2.4 7.1.5 1.4.13 6.4.71 1.3.3 1.3.9 7.3.84 1.1.5 1.4.14 6.4.110 6.1.77 8.2.79 8.4.68
tinanta:qukfY:liT:1:1,cakAra|cakara|cakre,1.3.1 1.3.3 1.3.5 1.3.9 3.2.115 1.3.2 1.3.3 1.3.9 1.3.72 3.4.78 1.3.3 1.3.9 3.4.115 3.4.79 3.4.115 1.2.5 6.1.8 6.1.4 6.1.5 1.4.13 1.1.5 7.4.62 7.4.66 1.4.14 6.1.77 8.4.68
tinanta:qukfY:liT:1:2,cakfva|cakfvahe,1.3.1 1.3.3 1.3.5 1.3.9 3.2.115 1.3.2 1.3.3 1.3.9 1.3.72 3.4.78 3.4.115 3.4.79 3.4.115 1.2.5 7.2.13 1.4.13 1.1.5 6.1.8 6.1.4 6.1.5 7.4.62 7.4.66 1.4.14 8.4.68
tinanta:qukfY:liT:1:3,cakfma|cakfmahe,1.3.1 1.3.3 1.3.5 1.3.9 3.2.115 1.3.2 1.3.3 1.3.9 1.3.72 3.4.78 1.3.3 1.3.9 3.4.115 3.4.79 3.4.115 1.2.5 7.2.13 1.4.13 1.1.5 6.1.8 6.1.4 6.1.5 7.4.62 7.4.66 1.4.14 8.4.68
tinanta:qukfY:liT:2:1,cakarTa|cakfze,1.3.1 1.3.3 1.3.5 1.3.9 3.2.115 1.3.2 1.3.3 1.3.9 1.3.72 3.4.78 1.3.4 3.4.115 3.4.80 3.4.115 1.2.5 7.2.13 1.4.13 1.1.5 6.1.8 6.1.4 6.1.5 7.4.62 7.4.66 1.4.14 8.3.59 8.4.68
tinanta:qukfY:liT:2:2,cakrATe|cakraTuH,1.3.1 1.3.3 1.3.5 1.3.9 3.2.115 1.3.2 1.3.3 1.3.9 1.3.72 3.4.78 1.3.4 3.4.115 3.4.79 3.4.115 1.2.5 6.1.8 6.1.4 6.1.5 1.4.13 1.1.5 7.4.62 7.4.66 1.4.14 6.1.77 8.4.68
tinanta:qukfY:liT:2:3,cakfQve|cakra,1.3.1 1.3.3 1.3.5 1.3.9 3.2.115 1.3.2 1.3.3 1.3.9 1.3.72 3.4.78 1.3.4 3.4.115 3.4.79 3.4.115 1.2.5 7.2.13 1.4.13 1.1.5 6.1.8 6.1.4 6.1.5 7.4.62 7.4.66 1.4.14 8.3.78 8.4.68
tinanta:qukfY:liT:3:1,cakAra|cakre,1.3.1 1.3.3 1.3.5 1.3.9 3.2.115 1.3.2 1.3.3 1.3.9 1.3.72 3.4.78 3.4.115 3.4.81 1.3.3 1.3.9 3.4.115 1.2.5 6.1.8 6.1.4 6.1.5 1.4.13 1.1.5 7.4.62 7.4.66 1.4.14 6.1.77 8.4.68
tinanta:qukfY:liT:3:2,cakrAte|cakratuH,1.3.1 1.3.3 1.3.5 1.3.9 3.2.115 1.3.2 1.3.3 1.3.9 1.3.72 3.4.78 1.3.4 3.4.115 3.4.79 3.4.115 1.2.5 6.1.8 6.1.4 6.1.5 1.4.13 1.1.5 7.4.62 7.4.66 1.4.14 6.1.77 8.4.68
tinanta:qukfY:liT:3:3,cakrire|cakruH,1.3.1 1.3.3 1.3.5 1.3.9 3.2.115 1.3.2 1.3.3 1.3.9 1.3.72 3.4.78 3.4.115 3.4.81 1.3.3 1.3.9 3.4.115 1.2.5 6.1.8 6.1.4 6.1.5 1.4.13 1.1.5 7.4.62 7.4.66 1.4.14 6.1.77 8.4.68
tinanta:qukfY:lRT:1:1,karizyAmi|karizye,1.3.1 1.3.3 1.3.5 1.3.9 3.3.13 1.3.2 1.3.3 1.3.9 1.3.72 3.4.78 1.3.3 1.3.9 3.4.113 3.1.33 3.4.114 3.4.79 7.2.70 1.3.3 1.3.9 1.2.4 1.4.13 7.3.84 1.4.14 6.1.97 8.3.59 8.4.68
tinanta:qukfY:lRT:1:2,karizyAvaH|karizyAvahe,1.3.1 1.3.3 1.3.5 1.3.9 3.3.13 1.3.2 1.3.3 1.3.9 1.3.72 3.4.78 3.4.113 3.1.33 3.4.114 3.4.79 7.2.70 1.3.3 1.3.9 1.2.4 1.4.13 7.3.84 1.4.14 7.3.101 8.3.59 8.4.68
tinanta:qukfY:lRT:1:3,karizyAmaH|karizyAmahe,1.3.1 1.3.3 1.3.5 1.3.9 3.3.13 1.3.2 1.3.3 1.3.9 1.3.72 3.4.78 1.3.3 1.3.9 3.4.113 3.1.33 3.4.114 3.4.79 7.2.70 1.3.3 1.3.9 1.2.4 1.4.13 7.3.84 1.4.14 7.3.101 8.3.59 8.4.68
tinanta:qukfY:lRT:2:1,karizyase|karizyasi,1.3.1 1.3.3 1.3.5 1.3.9 3.3.13 1.3.2 1.3.3 1.3.9 1.3.72 3.4.78 1.3.4 3.4.113 3.1.33 3.4.114 3.4.80 7.2.70 1.3.3 1.3.9 1.2.4 1.4.13 7.3.84 1.4.14 8.3.59 8.4.68
tinanta:qukfY:lRT:2:2,karizyaTaH|karizyeTe,1.3.1 1.3.3 1.3.5 1.3.9 3.3.13 1.3.2 1.3.3 1.3.9 1.3.72 3.4.78 1.3.4 3.4.113 3.1.33 3.4.114 3.4.79 7.2.70 1.3.3 1.3.9 1.2.4 1.4.13 7.2.81 6.1.66 7.3.84 1.4.14 6.1.87 8.3.59 8.4.68
tinanta:qukfY:lRT:2:3,karizyaDve|karizyaTa,1.3.1 1.3.3 1.3.5 1.3.9 3.3.13 1.3.2 1.3.3 1.3.9 1.3.72 3.4.78 1.3.4 3.4.113 3.1.33 3.4.114 3.4.79 7.2.70 1.3.3 1.3.9 1.2.4 1.4.13 7.3.84 1.4.14 8.3.59 8.4.68
tinanta:qukfY:lRT:3:1,karizyate|karizyati,1.3.1 1.3.3 1.3.5 1.3.9 3.3.13 1.3.2 1.3.3 1.3.9 1.3.72 3.4.78 3.4.113 3.1.33 3.4.114 3.4.79 7.2.70 1.3.3 1.3.9 1.2.4 1.4.13 7.3.84 1.4.14 8.3.59 8.4.68
tinanta:qukfY:lRT:3:2,karizyataH|karizyete,1.3.1 1.3.3 1.3.5 1.3.9 3.3.13 1.3.2 1.3.3 1.3.9 1.3.72 3.4.78 1.3.4 3.4.113 3.1.33 3.4.114 3.4.79 7.2.70 1.3.3 1.3.9 1.2.4 1.4.13 7.2.81 6.1.66 7.3.84 1.4.14 6.1.87 8.3.59 8.4.68
tinanta:qukfY:lRT:3:3,karizyante|karizyanti,1.3.1 1.3.3 1.3.5 1.3.9 3.3.13 1.3.2 1.3.3 1.3.9 1.3.72 3.4.78 3.4.113 3.1.33 3.4.114 3.4.79 7.2.70 1.3.3 1.3.9 1.2.4 7.1.3 1.4.13 7.3.84 1.4.14 6.1.97 8.3.24 8.3.59 8.4.58 8.4.68
tinanta:qukfY:loT:1:1,karavARi|karavE,1.3.1 1.3.3 1.3.5 1.3.9 3.3.162 1.3.2 1.3.3 1.3.9 1.3.72 3.4.78 1.3.3 1.3.9 3.4.113 3.1.79 3.4.114 3.4.79 3.4.93 3.4.92 1.3.3 1.3.9 1.4.13 7.3.84 7.3.84 1.4.14 6.1.90 6.1.78 8.4.68
tinanta:qukfY:loT:1:2,karavAva|karavAvahE,1.3.1 1.3.3 1.3.5 1.3.9 3.3.162 1.3.2 1.3.3 1.3.9 1.3.72 3.4.78 3.4.113 3.1.79 3.4.114 3.4.79 3.4.93 3.4.92 1.3.3 1.3.9 1.4.13 7.3.84 7.3.84 1.4.14 6.1.78 8.4.68
tinanta:qukfY:loT:1:3,karavAma|karavAmahE,1.3.1 1.3.3 1.3.5 1.3.9 3.3.162 1.3.2 1.3.3 1.3.9 1.3.72 3.4.78 1.3.3 1.3.9 3.4.113 3.1.79 3.4.114 3.4.79 3.4.93 3.4.92 1.3.3 1.3.9 1.4.13 7.3.84 7.3.84 1.4.14 6.1.78 8.4.68
tinanta:qukfY:loT:2:1,kuru|kurutAd|kurutAt|kuruzva,1.3.1 1.3.3 1.3.5 1.3.9 3.3.162 1.3.2 1.3.3 1.3.9 1.3.72 3.4.78 1.3.4 3.4.113 3.1.79 3.4.114 3.4.80 3.4.91 1.2.4 1.4.13 7.3.84 1.1.5 1.4.14 6.4.110 8.2.79 8.3.59 8.4.68
tinanta:qukfY:loT:2:2,kurutam|kurvATAm,1.3.1 1.3.3 1.3.5 1.3.9 3.3.162 1.3.2 1.3.3 1.3.9 1.3.72 3.4.78 1.3.4 3.4.113 3.1.79 3.4.114 3.4.79 3.4.90 1.2.4 1.4.13 7.3.84 1.1.5 1.4.14 6.4.110 6.1.77 8.2.79
tinanta:qukfY:loT:2:3,kuruDvam|kuruta,1.3.1 1.3.3 1.3.5 1.3.9 3.3.162 1.3.2 1.3.3 1.3.9 1.3.72 3.4.78 1.3.4 3.4.113 3.1.79 3.4.114 3.4.79 3.4.91 1.2.4 1.4.13 7.3.84 1.1.5 1.4.14 6.4.110 8.2.79 8.4.68
tinanta:qukfY:loT:3:1,karotu|kurutAd|kurutAm|kurutAt,1.3.1 1.3.3 1.3.5 1.3.9 3.3.162 1.3.2 1.3.3 1.3.9 1.3.72 3.4.78 3.4.113 3.1.79 3.4.114 3.4.79 3.4.90 1.2.4 1.4.13 7.3.84 1.1.5 1.4.14 6.4.110 8.2.79
tinanta:qukfY:loT:3:2,kurutAm|kurvAtAm,1.3.1 1.3.3 1.3.5 1.3.9 3.3.162 1.3.2 1.3.3 1.3.9 1.3.72 3.4.78 1.3.4 3.4.113 3.1.79 3.4.114 3.4.79 3.4.90 1.2.4 1.4.13 7.3.84 1.1.5 1.4.14 6.4.110 6.1.77 8.2.79
tinanta:qukfY:loT:3:3,kurvantu|kurvatAm,1.3.1 1.3.3 1.3.5 1.3.9 3.3.162 1.3.2 1.3.3 1.3.9 1.3.72 3.4.78 3.4.113 3.1.79 3.4.114 3.4.79 3.4.90 1.2.4 7.1.5 1.4.13 7.3.84 1.1.5 1.4.14 6.4.110 6.1.77 8.2.79 8.4.68
